elapsed_s	mem_available	cached	dirty	writeback	swap_free_delta	cg_current	cg_peak	cg_max	cg_high	cg_headroom	cg_anon	cg_file	cg_file_mapped	cg_file_dirty	cg_file_writeback	cg_swap_current	cg_swap_max	event_high	event_max	event_oom	event_oom_kill	swap_event_max	psi_full_avg10	pswpin_delta	pswpout_delta	host_oom_kill_delta	pack_version	pack_layers	health
0.0	117085605888	1450582016	2306048	16384	0	36315136	36315136	88046829568	83751862272	83715547136	11935744	21692416	9961472	24576	0	0	4294967296	0	0	0	0	0	0.0	0	0	0	-1	0	0
1.0	116970790912	1732173824	2613248	0	0	540712960	540712960	88046829568	83751862272	83211149312	229400576	302170112	200548352	24576	0	0	4294967296	0	0	0	0	0	0.0	0	0	0	-1	0	0
2.0	117291757568	1857245184	3301376	0	3309568	794918912	795041792	88046829568	83751862272	82956943360	358780928	415850496	248762368	69632	0	0	4294967296	0	0	0	0	0	0.0	0	0	0	-1	0	0
3.0	118126309376	1897623552	4698112	0	3309568	937848832	937971712	88046829568	83751862272	82814013440	446894080	458493952	253849600	1372160	0	0	4294967296	0	0	0	0	0	0.0	0	0	0	-1	0	0
4.1	118089687040	1942753280	6512640	0	3309568	1049882624	1049882624	88046829568	83751862272	82701979648	458555392	513093632	255082496	1609728	0	0	4294967296	0	0	0	0	0	0.0	1	0	0	-1	0	0
5.1	118034776064	2014257152	7090176	0	3309568	1211535360	1211535360	88046829568	83751862272	82540326912	531881984	586133504	283230208	1970176	0	0	4294967296	0	0	0	0	0	0.0	1	0	0	-1	0	0
6.1	117709262848	2059014144	11481088	0	3309568	1554698240	1554698240	88046829568	83751862272	82197164032	834437120	619548672	303923200	6180864	0	0	4294967296	0	0	0	0	0	0.0	1	0	0	-1	0	0
7.1	117533982720	2059218944	11538432	0	3309568	1725820928	1725874176	88046829568	83751862272	82026041344	1005281280	619548672	304881664	6180864	0	0	4294967296	0	0	0	0	0	0.0	2	0	0	-1	0	0
8.1	117458501632	2060206080	11583488	0	3309568	1810386944	1810386944	88046829568	83751862272	81941475328	1088094208	620609536	305868800	6193152	0	0	4294967296	0	0	0	0	0	0.0	2	0	0	-1	0	0
9.1	117416284160	2074902528	13717504	0	3309568	1870434304	1870442496	88046829568	83751862272	81881427968	1128071168	635723776	310910976	8323072	0	0	4294967296	0	0	0	0	0	0.0	2	0	0	-1	0	0
10.1	117889777664	2263764992	14241792	0	3309568	1521717248	2048557056	88046829568	83751862272	82230145024	597733376	825180160	302002176	9240576	0	0	4294967296	0	0	0	0	0	0.0	2	0	0	-1	0	0
11.2	117517762560	2277109760	16334848	0	3309568	1967046656	2048557056	88046829568	83751862272	81784815616	1024925696	838385664	314294272	10915840	0	0	4294967296	0	0	0	0	0	0.0	3	0	0	-1	0	0
12.2	117357342720	2277089280	16478208	0	3309568	2149842944	2149842944	88046829568	83751862272	81602019328	1207271424	838414336	315379712	10919936	0	0	4294967296	0	0	0	0	0	0.0	3	0	0	-1	0	0
13.2	117265506304	2277298176	16486400	0	3309568	2235961344	2235961344	88046829568	83751862272	81515900928	1207271424	838414336	315379712	10919936	0	0	4294967296	0	0	0	0	0	0.0	3	0	0	-1	0	0
14.2	117125955584	2292813824	18227200	0	3309568	2312253440	2312261632	88046829568	83751862272	81439608832	1356271616	846802944	323518464	12656640	0	0	4294967296	0	0	0	0	0	0.0	3	0	0	-1	0	0
15.2	117003280384	2525093888	19501056	0	3309568	2672254976	2672353280	88046829568	83751862272	81079607296	1470324736	1081372672	445341696	13934592	0	0	4294967296	0	0	0	0	0	0.0	3	0	0	-1	0	0
16.2	115669733376	3789197312	19804160	0	3309568	5305212928	5305475072	88046829568	83751862272	78446649344	2822189056	2350137344	1700651008	14188544	0	0	4294967296	0	0	0	0	0	0.0	3	0	0	-1	0	0
17.2	110461964288	8903155712	20197376	0	3309568	12718534656	12718796800	88046829568	83751862272	71033327616	5100060672	7460327424	6812127232	14192640	0	0	4294967296	0	0	0	0	0	0.0	3	0	0	-1	0	0
18.3	101391523840	17940385792	20197376	0	3309568	21794222080	21794484224	88046829568	83751862272	61957640192	5100060672	16497627136	15849426944	14192640	0	0	4294967296	0	0	0	0	0	0.0	3	0	0	-1	0	0
19.3	92302761984	26997825536	20209664	0	3309568	30889345024	30889607168	88046829568	83751862272	52862517248	5100060672	25554710528	24906506240	14204928	0	0	4294967296	0	0	0	0	0	0.0	3	0	0	-1	0	0
20.3	83201916928	36071538688	20213760	0	3309568	40002035712	40002297856	88046829568	83751862272	43749826560	5100060672	34628894720	33980694528	14204928	0	0	4294967296	0	0	0	0	0	0.0	3	0	0	-1	0	0
21.3	78395707392	40450232320	20267008	0	3309568	44396879872	44396879872	88046829568	83751862272	39354982400	5100060672	39006294016	38358093824	14204928	0	0	4294967296	0	0	0	0	0	0.0	3	0	0	-1	0	0
22.3	75246886912	40455991296	20291584	0	3309568	47534043136	47534043136	88046829568	83751862272	36217819136	8225923072	39012048896	38362406912	14221312	0	0	4294967296	0	0	0	0	0	0.0	3	0	0	-1	0	0
23.3	78995447808	40533966848	20389888	0	3309568	42977333248	48185647104	88046829568	83751862272	40774529024	3598479360	39090724864	34874417152	14266368	0	0	4294967296	0	0	0	0	0	0.0	3	0	0	2	1	0
24.4	75819794432	44022665216	20393984	0	3309568	49901867008	49901867008	88046829568	83751862272	33849995264	7021047808	42578432000	38362488832	14266368	0	0	4294967296	0	0	0	0	0	0.0	3	0	0	2	1	0
25.4	75351531520	45834694656	540491776	8388608	3309568	51763548160	51763548160	88046829568	83751862272	31988314112	7021047808	44390506496	38362488832	534360064	8388608	0	4294967296	0	0	0	0	0	0.0	3	0	0	2	1	0
26.4	78379032576	42040037376	20516864	0	3309568	45901762560	51763548160	88046829568	83751862272	37850099712	5010186240	40599408640	36381007872	14315520	0	0	4294967296	0	0	0	0	0	0.0	4	0	0	2	2	0
27.4	75764297728	44053225472	20361216	0	3309568	50687668224	51763548160	88046829568	83751862272	33064194048	7774269440	42608754688	38392463360	14221312	0	0	4294967296	0	0	0	0	0	0.0	4	0	0	2	2	0
28.4	79956611072	40818544640	20471808	0	3309568	43254779904	51794395136	88046829568	83751862272	40497082368	3599233024	39370719232	38428704768	14278656	0	0	4294967296	0	0	0	0	0	0.0	4	0	0	2	3	0
29.4	77035573248	43567468544	20480000	0	3309568	48956518400	51794395136	88046829568	83751862272	34795343872	6528430080	42126548992	37877768192	14278656	0	0	4294967296	0	0	0	0	0	0.0	4	0	0	2	3	0
30.4	76074532864	45311987712	1268420608	0	3309568	51227271168	51794395136	88046829568	83751862272	32524591104	7021801472	43867389952	38371098624	1262084096	0	0	4294967296	0	0	0	0	0	0.0	5	0	0	2	3	0
31.5	79457857536	41159184384	13344768	0	3309568	44127584256	51802677248	88046829568	83751862272	39624278016	4129808384	39712358400	35499913216	12144640	0	0	4294967296	0	0	0	0	0	0.0	5	0	0	2	4	0
32.5	76565270528	44053655552	14970880	0	3309568	49926619136	51802677248	88046829568	83751862272	33825243136	7021801472	42603606016	38391803904	12144640	0	0	4294967296	0	0	0	0	0	0.0	5	0	0	2	4	0
33.5	79412604928	44057849856	15040512	0	3309568	46506299392	51802677248	88046829568	83751862272	37245562880	3599233024	42607804416	38395932672	12201984	0	0	4294967296	0	0	0	0	0	0.0	5	0	0	2	5	0
34.5	77769478144	42857783296	15052800	0	3309568	47524327424	51802677248	88046829568	83751862272	36227534848	5818814464	41409216512	37167673344	12201984	0	0	4294967296	0	0	0	0	0	0.0	5	0	0	2	5	0
35.5	76087570432	44061966336	16072704	0	3309568	50368913408	51802677248	88046829568	83751862272	33382948864	7453995008	42611646464	38370615296	12201984	0	0	4294967296	0	0	0	0	0	0.0	5	0	0	2	5	0
36.5	79415365632	40849063936	10280960	0	3309568	43496828928	51802677248	88046829568	83751862272	40255033344	3809714176	39402717184	35179761664	7249920	0	0	4294967296	0	0	0	0	0	0.0	5	0	0	2	6	0
37.5	76302512128	44062728192	10235904	0	3309568	49936257024	51802677248	88046829568	83751862272	33815605248	7021809664	42611511296	38391803904	7249920	0	0	4294967296	0	0	0	0	0	0.0	5	0	0	2	6	0
38.6	74998013952	44610326528	11100160	0	3309568	50526068736	51802677248	88046829568	83751862272	33225793536	7021809664	43154817024	38391803904	7286784	0	0	4294967296	0	0	0	0	0	0.0	6	0	0	2	6	0
39.6	77236326400	42541797376	11112448	0	3309568	46893277184	51802677248	88046829568	83751862272	36858585088	5502775296	41094975488	36851613696	7286784	0	0	4294967296	0	0	0	0	0	0.0	6	0	0	2	7	0
40.6	75325288448	44063313920	11431936	0	3309568	49986437120	51802677248	88046829568	83751862272	33765425152	7071461376	42611990528	38370615296	7446528	0	0	4294967296	0	0	0	0	0	0.0	6	0	0	2	7	0
41.6	78454108160	40502710272	6955008	0	3309568	42938265600	51802677248	88046829568	83751862272	40813596672	3599261696	39051423744	34849202176	2756608	0	0	4294967296	0	0	0	0	0	0.0	6	0	0	2	8	0
42.6	76160311296	44063010816	7274496	0	3309568	49936023552	51802677248	88046829568	83751862272	33815838720	7021854720	42611855360	38391803904	2756608	0	0	4294967296	0	0	0	0	0	0.0	6	0	0	2	8	0
43.6	75684663296	45875146752	527372288	8388608	3309568	51797557248	51802677248	88046829568	83751862272	31954305024	7021858816	44423917568	38391803904	522850304	8388608	0	4294967296	0	0	0	0	0	0.0	7	0	0	2	8	0
44.6	78307225600	42274664448	7344128	0	3309568	46351953920	51802677248	88046829568	83751862272	37399908352	5234925568	40825868288	36583702528	2809856	0	0	4294967296	0	0	0	0	0	0.0	7	0	0	2	9	0
45.7	75402289152	44063596544	7499776	0	3313664	50829623296	51802677248	88046829568	83751862272	32922238976	7897149440	42612355072	38370615296	2945024	0	0	4294967296	0	0	0	0	0	0.0	15	0	0	2	9	0
46.7	79770390528	40504336384	5459968	0	3313664	42938761216	51802677248	88046829568	83751862272	40813101056	3599462400	39051788288	37974171648	790528	0	0	4294967296	0	0	0	0	0	0.0	23	0	0	2	10	0
47.7	76570103808	44064374784	5697536	0	3313664	49936183296	51802677248	88046829568	83751862272	33815678976	7022080000	42612211712	38391742464	790528	0	0	4294967296	0	0	0	0	0	0.0	23	0	0	2	10	0
48.8	76079673344	45876768768	777449472	8388608	3313664	51798298624	51802677248	88046829568	83751862272	31953563648	7022080000	44424249344	38391742464	772542464	8388608	0	4294967296	0	0	0	0	0	0.0	23	0	0	2	10	0
49.8	78378029056	42262925312	5767168	0	3313664	46324998144	51802677248	88046829568	83751862272	37426864128	5220413440	40813154304	36569063424	843776	0	0	4294967296	0	0	0	0	0	0.0	23	0	0	2	11	0
50.8	75351093248	44065234944	5775360	0	3313664	51108184064	51802677248	88046829568	83751862272	32643678208	8165998592	42612723712	38370615296	843776	0	0	4294967296	0	0	0	0	0	0.0	23	0	0	2	11	0
51.8	79258775552	40504201216	5824512	0	3313664	42939654144	51802677248	88046829568	83751862272	40812208128	3599663104	39052152832	37354008576	897024	0	0	4294967296	0	0	0	0	0	0.0	23	0	0	2	12	0
52.9	76360691712	44065026048	5828608	0	3313664	49937207296	51802677248	88046829568	83751862272	33814654976	7022297088	42612576256	38391742464	897024	0	0	4294967296	0	0	0	0	0	0.0	23	0	0	2	12	0
53.9	75876065280	45877022720	710479872	8388608	3313664	51798532096	51802677248	88046829568	83751862272	31953330176	7022301184	44424626176	38391742464	705540096	8388608	0	4294967296	0	0	0	0	0	0.0	23	0	0	2	12	0
54.9	78269706240	42226458624	5898240	0	3313664	46255300608	51802677248	88046829568	83751862272	37496561664	5185757184	40777609216	36534124544	950272	0	0	4294967296	0	0	0	0	0	0.0	23	0	0	2	13	0
55.9	75299463168	44065488896	5902336	0	3313664	51147669504	51802677248	88046829568	83751862272	32604192768	8230367232	42613088256	38370615296	954368	0	0	4294967296	0	0	0	0	0	0.0	23	0	0	2	13	0
56.9	79155712000	40504496128	5951488	0	3313664	42939228160	51802677248	88046829568	83751862272	40812634112	3599835136	39052120064	38400761856	995328	0	0	4294967296	0	0	0	0	0	0.0	23	0	0	2	14	0
57.9	76355260416	44051030016	6836224	0	3313664	49870454784	51802677248	88046829568	83751862272	33881407488	6987407360	42579038208	38356709376	995328	0	0	4294967296	0	0	0	0	0	0.0	23	0	0	2	14	0
59.0	75699580928	46211645440	1390403584	8388608	3313664	51796926464	51802677248	88046829568	83751862272	31954935808	7022522368	44424916992	38391742464	1384464384	8388608	0	4294967296	0	0	0	0	0	0.0	23	0	0	2	14	0
60.0	78136778752	42427817984	7147520	0	3313664	45741711360	51802677248	88046829568	83751862272	38010150912	4928630784	40520691712	36276731904	401408	0	0	4294967296	0	0	0	0	0	0.0	23	0	0	2	15	0
61.0	75093340160	44580708352	6127616	0	3313664	50645307392	51802677248	88046829568	83751862272	33106554880	7730057216	42613452800	38370615296	401408	0	0	4294967296	0	0	0	0	0	0.0	23	0	0	2	15	0
62.0	79040913408	43074510848	6492160	0	3313664	44993323008	51802677248	88046829568	83751862272	38758539264	3600064512	41105272832	38400761856	458752	0	0	4294967296	0	0	0	0	0	0.0	23	0	0	2	16	0
63.0	76471930880	43978452992	6488064	0	3313664	48737300480	51802677248	88046829568	83751862272	35014561792	6421884928	42015191040	37791002624	458752	0	0	4294967296	0	0	0	0	0	0.0	23	0	0	2	16	0
64.0	75296788480	45310455808	734228480	4096	3313664	50690109440	51802677248	88046829568	83751862272	33061752832	7022747648	43343114240	38391742464	730267648	0	0	4294967296	0	0	0	0	0	0.0	23	0	0	2	16	0
65.0	77920591872	41749286912	6664192	0	3313664	44262043648	51802677248	88046829568	83751862272	39489818624	4192837632	39784792064	35540766720	512000	0	0	4294967296	0	0	0	0	0	0.0	23	0	0	2	17	0
66.0	75034894336	44581433344	6746112	0	3313664	49939079168	51802677248	88046829568	83751862272	33812783104	7022858240	42613805056	38370615296	512000	0	0	4294967296	0	0	0	0	0	0.0	24	0	0	2	17	0
67.1	77866864640	44610400256	2400256	0	3313664	46539468800	51802677248	88046829568	83751862272	37212393472	3600289792	42642866176	38400761856	225280	0	0	4294967296	0	0	0	0	0	0.0	24	0	0	2	18	0
68.1	77353291776	43446865920	3018752	0	3313664	47670329344	51802677248	88046829568	83751862272	36081532928	5890281472	41482526720	37259288576	225280	0	0	4294967296	0	0	0	0	0	0.0	24	0	0	2	18	0
69.1	75918594048	44581244928	3702784	0	3313664	50539323392	51802677248	88046829568	83751862272	33212538880	7623000064	42613657600	38391742464	225280	0	0	4294967296	0	0	0	0	0	0.0	24	0	0	2	18	0
70.1	79379890176	41445249024	4087808	0	3313664	43655712768	51802677248	88046829568	83751862272	40096149504	3890241536	39482097664	35237924864	278528	0	0	4294967296	0	0	0	0	0	0.0	24	0	0	2	19	0
71.1	76388634624	44581777408	4087808	0	3313664	49939910656	51802677248	88046829568	83751862272	33811951616	7023058944	42614169600	38370615296	278528	0	0	4294967296	0	0	0	0	0	0.0	25	0	0	2	19	0
72.1	76117184512	44581904384	3465216	0	3313664	48751439872	51802677248	88046829568	83751862272	35000422400	5833830400	42614362112	38370615296	335872	0	0	4294967296	0	0	0	0	0	0.0	25	0	0	2	20	0
73.1	75054391296	44581588992	3477504	0	3313664	51149950976	51802677248	88046829568	83751862272	32601911296	8231129088	42614030336	38391742464	335872	0	0	4294967296	0	0	0	0	0	0.0	25	0	0	2	20	0
75.1	79682506752	41042276352	3796992	0	3313664	42963501056	51802677248	88046829568	83751862272	40788361216	3600601088	39074643968	38422020096	389120	0	0	4294967296	0	0	0	0	0	0.0	26	0	0	2	21	0
76.1	76601098240	44514037760	3870720	0	3313664	49811755008	51802677248	88046829568	83751862272	33940107264	6956896256	42551070720	38304366592	389120	0	0	4294967296	0	0	0	0	0	0.0	26	0	0	2	21	0
77.1	76054319104	46394241024	1421545472	8388608	3313664	51801870336	51802677248	88046829568	83751862272	31949991936	7023267840	44426518528	38370615296	1418063872	8388608	0	4294967296	0	0	0	0	0	0.0	26	0	0	2	21	0
78.2	78741053440	42387922944	3936256	0	3313664	45542686720	51802677248	88046829568	83751862272	38209175552	4830646272	40422600704	36199202816	446464	0	0	4294967296	0	0	0	0	0	0.0	26	0	0	2	22	0
79.2	75834683392	44582100992	3936256	0	3313664	50636656640	51802677248	88046829568	83751862272	33115205632	7717285888	42614394880	38391742464	446464	0	0	4294967296	0	0	0	0	0	0.0	26	0	0	2	22	0
80.2	79958962176	42444472320	4005888	0	3313664	44362452992	51802677248	88046829568	83751862272	39389409280	3600814080	40473403392	38422020096	499712	0	0	4294967296	0	0	0	0	0	0.0	26	0	0	2	23	0
81.2	76876185600	44250988544	4014080	0	3313664	49280712704	51802677248	88046829568	83751862272	34471149568	6693949440	42285969408	38041182208	499712	0	0	4294967296	0	0	0	0	0	0.0	26	0	0	2	23	0
82.2	76299644928	46237376512	1656569856	0	3313664	51642830848	51802677248	88046829568	83751862272	32109031424	7023484928	44269559808	38370615296	1653055488	0	0	4294967296	0	0	0	0	0	0.0	26	0	0	2	23	0
83.2	78914793472	42223316992	4087808	0	3313664	45212553216	51802677248	88046829568	83751862272	38539309056	4664647680	40257986560	36033110016	557056	0	0	4294967296	0	0	0	0	0	0.0	26	0	0	2	24	0
84.2	76093239296	44582633472	4087808	0	3313664	50387189760	51802677248	88046829568	83751862272	33364672512	7468175360	42614759424	38391742464	557056	0	0	4294967296	0	0	0	0	0	0.0	26	0	0	2	24	0
85.3	79830376448	43804336128	4149248	0	3313664	45728280576	51802677248	88046829568	83751862272	38023581696	3601031168	41834770432	38422020096	610304	0	0	4294967296	0	0	0	0	0	0.0	26	0	0	2	25	0
86.3	77160398848	43958775808	4198400	0	3313664	48699326464	51802677248	88046829568	83751862272	35052535808	6403911680	41996337152	37750906880	610304	0	0	4294967296	0	0	0	0	0	0.0	26	0	0	2	25	0
87.3	76060557312	45434650624	855674880	0	3313664	50818551808	51802677248	88046829568	83751862272	32933310464	7023697920	43468812288	38370615296	852054016	0	0	4294967296	0	0	0	0	0	0.0	26	0	0	2	25	0
88.3	79259701248	41893699584	4321280	0	3313664	44554158080	51803164672	88046829568	83751862272	39197704192	4337045504	39929638912	35705106432	667648	0	0	4294967296	0	0	0	0	0	0.0	26	0	0	2	26	0
89.3	76557975552	44582977536	4304896	0	3313664	49940856832	51803164672	88046829568	83751862272	33811005440	7023800320	42615123968	38391742464	667648	0	0	4294967296	0	0	0	0	0	0.0	26	0	0	2	26	0
90.3	79034310656	44612276224	3678208	0	3313664	46541946880	51803164672	88046829568	83751862272	37209915392	3601240064	42644496384	38422020096	57344	0	0	4294967296	0	0	0	0	0	0.0	26	0	0	2	27	0
91.3	77590409216	43551809536	3723264	0	3313664	47880069120	51803164672	88046829568	83751862272	35871793152	5994737664	41587220480	37341560832	57344	0	0	4294967296	0	0	0	0	0	0.0	26	0	0	2	27	0
92.4	76086636544	44596051968	14209024	0	3313664	49956827136	51803164672	88046829568	83751862272	33795035136	7023910912	42628206592	38370615296	10543104	0	0	4294967296	0	0	0	0	0	0.0	26	0	0	2	27	0
93.4	79605239808	41531944960	3780608	0	3313664	43827851264	51804401664	88046829568	83751862272	39924011008	3974541312	39567794176	35342606336	114688	0	0	4294967296	0	0	0	0	0	0.0	26	0	0	2	28	0
94.4	76553572352	44582920192	3637248	0	3313664	49942016000	51804401664	88046829568	83751862272	33809846272	7024017408	42615476224	38391742464	114688	0	0	4294967296	0	0	0	0	0	0.0	26	0	0	2	28	0
95.4	77533130752	44583510016	3702784	0	3313664	48459800576	51804401664	88046829568	83751862272	35292061696	5517656064	42615648256	38391742464	167936	0	0	4294967296	0	0	0	0	0	0.0	40	0	0	2	29	0
96.4	77931900928	43212800000	3715072	0	3313664	47198842880	51804401664	88046829568	83751862272	36553019392	5653663744	41248178176	37000364032	167936	0	0	4294967296	0	0	0	0	0	0.0	40	0	0	2	29	0
97.4	76073058304	44583899136	2093056	0	3313664	50139197440	51804401664	88046829568	83751862272	33612664832	7219671040	42615988224	38370615296	167936	0	0	4294967296	0	0	0	0	0	0.0	40	0	0	2	29	0
98.5	79610834944	41074749440	2453504	0	3313664	42990305280	51804401664	88046829568	83751862272	40761556992	3601555456	39107948544	34883502080	225280	0	0	4294967296	0	0	0	0	0	0.0	40	0	0	2	30	0
99.5	76195364864	44583215104	2408448	0	3313664	49942573056	51804401664	88046829568	83751862272	33809289216	7024222208	42615840768	38391742464	225280	0	0	4294967296	0	0	0	0	0	0.0	40	0	0	2	30	0
100.5	75695230976	46395596800	615350272	8388608	3313664	51803996160	51804401664	88046829568	83751862272	31947866112	7024226304	44427902976	38391742464	612593664	8388608	0	4294967296	0	0	0	0	0	0.0	40	0	0	2	30	0
101.5	77972684800	42815848448	3608576	0	3313664	46404435968	51804401664	88046829568	83751862272	37347426304	5259419648	40852439040	36605792256	278528	0	0	4294967296	0	0	0	0	0	0.0	40	0	0	2	31	0
102.5	74977685504	44583706624	3346432	0	3313664	50955837440	51804401664	88046829568	83751862272	32796024832	8034086912	42616352768	38370615296	278528	0	0	4294967296	0	0	0	0	0	0.0	40	0	0	2	31	0
103.6	79619969024	41037815808	3452928	0	3313664	42946060288	51805405184	88046829568	83751862272	40805801984	3601768448	39055781888	38010347520	335872	0	0	4294967296	0	0	0	0	0	0.0	40	0	0	2	32	0
104.6	76270899200	44536807424	3457024	0	3313664	49828786176	51805405184	88046829568	83751862272	33923076096	6966775808	42559311872	38334169088	335872	0	0	4294967296	0	0	0	0	0	0.0	40	0	0	2	32	0
105.6	75702251520	46410182656	1384038400	12582912	3313664	51804078080	51805405184	88046829568	83751862272	31947784192	7024435200	44428181504	38391742464	1376067584	8388608	0	4294967296	0	0	0	0	0	0.0	41	0	0	2	32	0
106.6	78302904320	42503913472	4661248	0	3313664	45746462720	51805405184	88046829568	83751862272	38005399552	4930654208	40525156352	36276826112	389120	0	0	4294967296	0	0	0	0	0	0.0	41	0	0	2	33	0
107.6	75209183232	44598964224	4669440	0	3313664	50905419776	51805405184	88046829568	83751862272	32846442496	7983710208	42616717312	38370615296	389120	0	0	4294967296	0	0	0	0	0	0.0	41	0	0	2	33	0
108.6	79940288512	41038454784	4718592	0	3313664	42947076096	51805405184	88046829568	83751862272	40804786176	3601973248	39055749120	38400761856	446464	0	0	4294967296	0	0	0	0	0	0.0	41	0	0	2	34	0
109.6	76847214592	44296957952	4722688	0	3313664	49345130496	51805405184	88046829568	83751862272	34406731776	6724173824	42318467072	38091587584	446464	0	0	4294967296	0	0	0	0	0	0.0	41	0	0	2	34	0
110.7	76057391104	46272286720	1678258176	0	3313664	51667128320	51805405184	88046829568	83751862272	32084733952	7024644096	44292194304	38391742464	1673973760	0	0	4294967296	0	0	0	0	0	0.0	41	0	0	2	34	0
111.7	78892961792	42253729792	4796416	0	3313664	45243863040	51805405184	88046829568	83751862272	38507999232	4681064448	40273940480	36027088896	499712	0	0	4294967296	0	0	0	0	0	0.0	41	0	0	2	35	0
112.7	76028354560	44599222272	4796416	0	3313664	50455834624	51805405184	88046829568	83751862272	33296027648	7534137344	42617081856	38370615296	499712	0	0	4294967296	0	0	0	0	0	0.0	41	0	0	2	35	0
113.7	79675002880	43478802432	4874240	0	3313664	45385752576	51806076928	88046829568	83751862272	38366109696	3602182144	41493987328	38400761856	557056	0	0	4294967296	0	0	0	0	0	0.0	41	0	0	2	36	0
114.7	76963524608	44010926080	4878336	0	3313664	48775122944	51806076928	88046829568	83751862272	34976739328	6441299968	42034176000	37808300032	557056	0	0	4294967296	0	0	0	0	0	0.0	41	0	0	2	36	0
115.7	75642351616	45559517184	963280896	0	3313664	50934185984	51806076928	88046829568	83751862272	32817676288	7024857088	43577430016	38391742464	958955520	0	0	4294967296	0	0	0	0	0	0.0	41	0	0	2	36	0
116.8	78445658112	41953599488	4952064	0	3313664	44645531648	51806687232	88046829568	83751862272	39106330624	4382478336	39975649280	35728252928	610304	0	0	4294967296	0	0	0	0	0	0.0	41	0	0	2	37	0
117.8	76353425408	44599709696	5017600	0	3313664	49970974720	51806687232	88046829568	83751862272	33780887552	7049723904	42617434112	38370615296	610304	0	0	4294967296	0	0	0	0	0	0.0	41	0	0	2	37	0
118.8	78503342080	44628410368	5079040	0	3313664	46546071552	51807232000	88046829568	83751862272	37205790720	3602391040	42646495232	38400761856	667648	0	0	4294967296	0	0	0	0	0	0.0	41	0	0	2	38	0
119.8	77144268800	43667681280	5083136	0	3313664	48084865024	51807232000	88046829568	83751862272	35666997248	6095028224	41689841664	37461860352	667648	0	0	4294967296	0	0	0	0	0	0.0	41	0	0	2	38	0
120.8	75630604288	44599508992	5103616	0	3313664	50193227776	51807232000	88046829568	83751862272	33558634496	7256379392	42617286656	38391742464	667648	0	0	4294967296	0	0	0	0	0	0.0	41	0	0	2	38	0
121.8	78672875520	41661263872	4489216	0	3870720	44060561408	51807232000	88046829568	83751862272	39691300864	4089118720	39684227072	35434704896	57344	0	0	4294967296	0	0	0	0	0	0.0	41	0	0	2	39	0
122.8	75849175040	44604862464	5820416	0	3870720	49944506368	51807232000	88046829568	83751862272	33807355904	7025168384	42617798656	38370615296	57344	0	0	4294967296	0	0	0	0	0	0.0	41	0	0	2	39	0
123.9	75494551552	44610260992	7372800	0	3870720	49071874048	51807232000	88046829568	83751862272	34679988224	6143250432	42617982976	38370615296	114688	0	0	4294967296	0	0	0	0	0	0.0	41	0	0	2	40	0
124.9	77126365184	43008303104	7434240	0	3870720	46736187392	51807232000	88046829568	83751862272	37015674880	5425262592	41018216448	36791812096	114688	0	0	4294967296	0	0	0	0	0	0.0	41	0	0	2	40	0
125.9	74531397632	44599603200	5529600	0	3870720	51115958272	51807232000	88046829568	83751862272	32635904000	8191389696	42617651200	38391742464	114688	0	0	4294967296	0	0	0	0	0	0.0	41	0	0	2	40	0
126.9	78238212096	41086648320	5902336	0	3870720	42968788992	51807232000	88046829568	83751862272	40783073280	3602706432	39078264832	38422020096	167936	0	0	4294967296	0	0	0	0	0	0.0	44	0	0	2	41	0
127.9	75343089664	44575121408	6029312	0	3870720	49850454016	51807232000	88046829568	83751862272	33901408256	6976630784	42570190848	38321979392	167936	0	0	4294967296	0	0	0	0	0	0.0	44	0	0	2	41	0
128.9	73793277952	46438756352	1551265792	8388608	3870720	51807191040	51807232000	88046829568	83751862272	31944671232	7025377280	44430127104	38370615296	1543671808	16777216	0	4294967296	0	0	0	0	0	0.0	44	0	0	2	41	0
130.0	76014407680	42364473344	1650688	0	3870720	45414113280	51807453184	88046829568	83751862272	38337748992	4764254208	40359194624	36130852864	225280	0	0	4294967296	0	0	0	0	0	0.0	105	0	0	2	42	0
131.0	74125791232	44627402752	3039232	0	3870720	50399088640	51807453184	88046829568	83751862272	33352773632	7477075968	42618015744	38391742464	225280	0	0	4294967296	0	0	0	0	0	0.0	105	0	0	2	42	0
132.0	77552828416	44638117888	3440640	0	3870720	46527172608	51807522816	88046829568	83751862272	37224689664	3602915328	42628542464	38422020096	278528	0	0	4294967296	0	0	0	0	0	0.0	105	0	0	2	43	0
133.0	78295511040	37537144832	6971392	0	3870720	39429685248	51807522816	88046829568	83751862272	44322177024	3624722432	35529547776	34846232576	2928640	0	0	4294967296	0	0	0	0	0	0.0	105	0	0	2	43	0
134.0	78366998528	37589159936	6758400	0	3870720	39577858048	51807522816	88046829568	83751862272	44174004224	3721748480	35581038592	34859835392	2940928	0	0	4294967296	0	0	0	0	0	0.0	105	0	0	2	43	0
135.0	78380539904	37632651264	5574656	0	3870720	39533019136	51807522816	88046829568	83751862272	44218843136	3632955392	35624992768	34870460416	1781760	0	0	4294967296	0	0	0	0	0	0.0	105	0	0	2	43	0
136.0	78066335744	37668044800	18604032	0	3870720	39894077440	51807522816	88046829568	83751862272	43857784832	3953139712	35661176832	34901975040	14602240	0	0	4294967296	0	0	0	0	0	0.0	106	0	0	2	43	0
137.1	78171701248	37799256064	13193216	0	3870720	39798906880	51807522816	88046829568	83751862272	43952955392	3726987264	35792265216	34938703872	9113600	0	0	4294967296	0	0	0	0	0	0.0	106	0	0	2	43	0
138.1	78198902784	37808930816	13209600	0	3870720	39898607616	51807522816	88046829568	83751862272	43853254656	3817148416	35801649152	34948853760	9117696	0	0	4294967296	0	0	0	0	0	0.0	106	0	0	2	43	0
139.1	78245273600	37809119232	13221888	0	3870720	39903191040	51807522816	88046829568	83751862272	43848671232	3822071808	35801837568	34949021696	9117696	0	0	4294967296	0	0	0	0	0	0.0	106	0	0	2	43	0
140.1	78235447296	37827510272	23699456	0	3870720	40095277056	51807522816	88046829568	83751862272	43656585216	3993559040	35820273664	34978406400	19591168	0	0	4294967296	0	0	0	0	0	0.0	107	0	0	2	43	0
141.1	78035369984	37834608640	14397440	0	3870720	39960104960	51807522816	88046829568	83751862272	43791757312	3851681792	35827716096	34965004288	10600448	0	0	4294967296	0	0	0	0	0	0.0	107	0	0	2	43	0
142.1	78035939328	37848453120	14016512	0	3870720	39964078080	51807522816	88046829568	83751862272	43787784192	3840991232	35841875968	34964770816	9875456	0	0	4294967296	0	0	0	0	0	0.0	107	0	0	2	43	0
143.1	78129344512	38178484224	20570112	0	3870720	40430260224	51807522816	88046829568	83751862272	43321602048	3974266880	36171620352	35021021184	16412672	0	0	4294967296	0	0	0	0	0	0.0	107	0	0	2	43	0
144.1	78002130944	38179586048	20869120	0	3870720	40497205248	51807522816	88046829568	83751862272	43254657024	4040044544	36172742656	35022856192	16691200	0	0	4294967296	0	0	0	0	0	0.0	107	0	0	2	43	0
145.1	77974974464	38179733504	20877312	0	3870720	40639741952	51807522816	88046829568	83751862272	43112120320	4181454848	36172894208	35023048704	16695296	0	0	4294967296	0	0	0	0	0	0.0	107	0	0	2	43	0
146.2	77929734144	38185676800	25722880	0	3870720	40535863296	51807522816	88046829568	83751862272	43215998976	4071370752	36178837504	35024154624	21532672	0	0	4294967296	0	0	0	0	0	0.0	130	0	0	2	43	0
147.2	77999460352	38190219264	19783680	0	3870720	40561541120	51807522816	88046829568	83751862272	43190321152	4092432384	36183793664	35013672960	16035840	0	0	4294967296	0	0	0	0	0	0.0	130	0	0	2	43	0
148.2	77929320448	38191874048	21188608	0	3870720	40696582144	51807522816	88046829568	83751862272	43055280128	4225298432	36185350144	35032801280	17027072	0	0	4294967296	0	0	0	0	0	0.0	130	0	0	2	43	0
149.2	77875699712	38203695104	21987328	0	3870720	40743227392	51807522816	88046829568	83751862272	43008634880	4259454976	36196921344	35043192832	17457152	0	0	4294967296	0	0	0	0	0	0.0	130	0	0	2	43	0
150.2	77937905664	38234390528	21368832	0	3870720	40740745216	51807522816	88046829568	83751862272	43011117056	4225118208	36228308992	35034537984	17022976	0	0	4294967296	0	0	0	0	0	0.0	130	0	0	2	43	0
151.2	77850329088	38316666880	21811200	0	3870720	40863252480	51807522816	88046829568	83751862272	42888609792	4264673280	36310351872	35101786112	17387520	0	0	4294967296	0	0	0	0	0	0.0	130	0	0	2	43	0
152.2	77784772608	38327156736	32342016	0	3870720	40987738112	51807522816	88046829568	83751862272	42764124160	4377743360	36320804864	35127762944	27557888	0	0	4294967296	0	0	0	0	0	0.0	130	0	0	2	43	0
153.2	78012522496	38317527040	23158784	0	3870720	40900222976	51807522816	88046829568	83751862272	42851639296	4300476416	36311646208	35110039552	18776064	0	0	4294967296	0	0	0	0	0	0.0	130	0	0	2	43	0
154.3	77853245440	38336544768	23621632	0	3870720	41128951808	51807522816	88046829568	83751862272	42622910464	4508442624	36330962944	35127455744	18968576	0	0	4294967296	0	0	0	0	0	0.0	130	0	0	2	43	0
155.3	77528633344	38346010624	29745152	0	3870720	41143406592	51807522816	88046829568	83751862272	42608455680	4515229696	36337799168	35129397248	25337856	0	0	4294967296	0	0	0	0	0	0.0	130	0	0	2	43	0
156.3	77525311488	38340558848	24260608	0	3870720	41205690368	51807522816	88046829568	83751862272	42546171904	4583874560	36331974656	35116101632	19476480	0	0	4294967296	0	0	0	0	0	0.0	130	0	0	2	43	0
157.3	77540818944	38340689920	24293376	0	3870720	41210839040	51807522816	88046829568	83751862272	42541023232	4589244416	36331974656	35116101632	19476480	0	0	4294967296	0	0	0	0	0	0.0	130	0	0	2	43	0
158.3	77508595712	38351163392	34803712	0	3870720	41544142848	51807522816	88046829568	83751862272	42207719424	4910243840	36342448128	35142209536	29949952	0	0	4294967296	0	0	0	0	0	0.0	130	0	0	2	43	0
159.3	77488336896	38344138752	25976832	0	4030464	41222287360	51807522816	88046829568	83751862272	42529574912	4595294208	36335620096	35119099904	21045248	0	0	4294967296	0	0	0	0	0	0.0	130	0	0	2	43	0
160.3	77420613632	38344732672	28123136	4096	4030464	41386463232	51807522816	88046829568	83751862272	42365399040	4758786048	36336025600	35142324224	23384064	0	0	4294967296	0	0	0	0	0	0.0	130	0	0	2	43	0
161.3	77278867456	38346698752	23511040	4096	4030464	41234452480	51807522816	88046829568	83751862272	42517409792	4601999360	36340617216	35125116928	22872064	0	0	4294967296	0	0	0	0	0	0.0	130	0	0	2	43	0
162.4	77344313344	38350233600	28372992	0	4030464	41413627904	51807522816	88046829568	83751862272	42338234368	4777934848	36343709696	35143929856	25903104	0	0	4294967296	0	0	0	0	0	0.0	130	0	0	2	43	0
163.4	77378576384	38355644416	34381824	0	4030464	41430384640	51807522816	88046829568	83751862272	42321477632	4789895168	36349116416	35144695808	30744576	0	0	4294967296	0	0	0	0	0	0.0	130	0	0	2	43	0
164.4	77342220288	38345134080	21897216	0	4030464	41229242368	51807522816	88046829568	83751862272	42522619904	4599984128	36339101696	35118776320	18374656	0	0	4294967296	0	0	0	0	0	0.0	131	0	0	2	43	0
165.4	77362556928	38345621504	22315008	0	4030464	41235795968	51807522816	88046829568	83751862272	42516066304	4606877696	36339101696	35118776320	18374656	0	0	4294967296	0	0	0	0	0	0.0	131	0	0	2	43	0
166.4	77425917952	38347309056	21680128	0	5062656	41240039424	51807522816	88046829568	83751862272	42511822848	4611502080	36339101696	35118776320	18444288	0	0	4294967296	0	0	0	0	0	0.0	132	0	0	2	43	0
167.4	77382635520	38357782528	32186368	0	5062656	41590054912	51807522816	88046829568	83751862272	42161807360	4949479424	36349575168	35144876032	28921856	0	0	4294967296	0	0	0	0	0	0.0	132	0	0	2	43	0
168.4	77605363712	38348156928	22663168	0	5062656	41251864576	51807522816	88046829568	83751862272	42499997696	4623548416	36340056064	35136241664	19275776	0	0	4294967296	0	0	0	0	0	0.0	132	0	0	2	43	0
169.5	77671751680	38353461248	20361216	0	5062656	41364127744	51807522816	88046829568	83751862272	42387734528	4726636544	36345720832	35145166848	17342464	0	0	4294967296	0	0	0	0	0	0.0	132	0	0	2	43	0
170.5	77645402112	38353731584	20852736	0	5062656	41264738304	51807522816	88046829568	83751862272	42487123968	4626874368	36345790464	35145023488	17580032	0	0	4294967296	0	0	0	0	0	0.0	132	0	0	2	43	0
171.5	77732151296	38353047552	19181568	0	5062656	41284300800	51807522816	88046829568	83751862272	42467561472	4646797312	36345110528	35127214080	15941632	0	0	4294967296	0	0	0	0	0	0.0	132	0	0	2	43	0
172.5	77723406336	38350839808	16384000	0	5062656	41248247808	51807522816	88046829568	83751862272	42503614464	4614033408	36342763520	35120586752	12685312	0	0	4294967296	0	0	0	0	0	0.0	132	0	0	2	43	0
173.5	77783707648	38351245312	16453632	0	5062656	41248813056	51807522816	88046829568	83751862272	42503049216	4614115328	36342919168	35122999296	12853248	0	0	4294967296	0	0	0	0	0	0.0	132	0	0	2	43	0
174.5	77809983488	38351335424	14807040	0	5062656	41248653312	51807522816	88046829568	83751862272	42503208960	4614152192	36343009280	35123064832	11214848	0	0	4294967296	0	0	0	0	0	0.0	132	0	0	2	43	0
175.5	77736333312	38360559616	20283392	0	5062656	41596071936	51807522816	88046829568	83751862272	42155790336	4949880832	36352577536	35151765504	16998400	0	0	4294967296	0	0	0	0	0	0.0	132	0	0	2	43	0
176.5	77902999552	38355898368	15294464	0	5062656	41257009152	51807522816	88046829568	83751862272	42494853120	4615118848	36347301888	35126611968	11431936	0	0	4294967296	0	0	0	0	0	0.0	137	0	0	2	43	0
178.2	77859545088	38361612288	20656128	0	5062656	41404321792	51807522816	88046829568	83751862272	42347540480	4757037056	36352983040	35151605760	17022976	0	0	4294967296	0	0	0	0	0	0.0	137	0	0	2	43	0
179.2	77749358592	38361817088	20762624	0	5062656	41576505344	51807522816	88046829568	83751862272	42175356928	4928987136	36353093632	35151777792	17031168	0	0	4294967296	0	0	0	0	0	0.0	137	0	0	2	43	0
180.2	77786308608	38362456064	20631552	0	5062656	41366818816	51807522816	88046829568	83751862272	42385043456	4719001600	36353863680	35161305088	17022976	0	0	4294967296	0	0	0	0	0	0.0	137	0	0	2	43	0
181.3	77827784704	38362587136	20635648	0	5062656	41332088832	51807522816	88046829568	83751862272	42419773440	4651130880	36354134016	35126611968	17166336	0	0	4294967296	0	0	0	0	0	0.0	137	0	0	2	43	0
182.3	77812649984	38359752704	17661952	0	5062656	41276510208	51807522816	88046829568	83751862272	42475352064	4631642112	36351094784	35132837888	13975552	0	0	4294967296	0	0	0	0	0	0.0	137	0	0	2	43	0
183.3	77830389760	38362312704	20156416	0	5062656	41442762752	51807522816	88046829568	83751862272	42309099520	4795699200	36353581056	35151589376	16388096	0	0	4294967296	0	0	0	0	0	0.0	137	0	0	2	43	0
184.3	77518499840	38372077568	21225472	0	5062656	41585176576	51807522816	88046829568	83751862272	42166685696	4938575872	36353671168	35151798272	16396288	0	0	4294967296	0	0	0	0	0	0.0	138	0	0	2	43	0
185.3	77642547200	38373314560	15400960	0	5062656	41376575488	51807522816	88046829568	83751862272	42375286784	4729192448	36354572288	35166777344	10006528	0	0	4294967296	0	0	0	0	0	0.0	138	0	0	2	43	0
186.3	77466324992	38364450816	12242944	0	5062656	41301843968	51807522816	88046829568	83751862272	42450018304	4656484352	36352065536	35132923904	7458816	0	0	4294967296	0	0	0	0	0	0.0	138	0	0	2	43	0
187.3	77528399872	38362775552	14127104	0	5062656	41419476992	51807522816	88046829568	83751862272	42332385280	4772265984	36353982464	35151618048	9302016	0	0	4294967296	0	0	0	0	0	0.0	138	0	0	2	43	0
188.3	77235093504	38362861568	14176256	0	5062656	41521852416	51807522816	88046829568	83751862272	42230009856	4874817536	36354039808	35151781888	9310208	0	0	4294967296	0	0	0	0	0	0.0	142	0	0	2	43	0
189.4	76951838720	38363435008	14737408	0	5062656	41369341952	51807522816	88046829568	83751862272	42382520320	4720705536	36354895872	35161182208	10121216	0	0	4294967296	0	0	0	0	0	0.0	142	0	0	2	43	0
190.4	76884328448	38360268800	10764288	0	5062656	41280659456	51807522816	88046829568	83751862272	42471202816	4635713536	36351938560	35132858368	6352896	0	0	4294967296	0	0	0	0	0	0.0	142	0	0	2	43	0
191.4	76863574016	38363140096	13606912	0	5062656	41410183168	51807522816	88046829568	83751862272	42341679104	4763066368	36354248704	35151626240	8613888	0	0	4294967296	0	0	0	0	0	0.0	142	0	0	2	43	0
192.4	78017622016	38363181056	14118912	0	5062656	41538539520	51807522816	88046829568	83751862272	42213322752	4890406912	36354310144	35151773696	8622080	0	0	4294967296	0	0	0	0	0	0.0	142	0	0	2	43	0
193.4	78029893632	38363283456	14311424	0	5062656	41594167296	51807522816	88046829568	83751862272	42157694976	4946649088	36354392064	35151777792	8626176	0	0	4294967296	0	0	0	0	0	0.0	142	0	0	2	43	0
194.4	78118932480	38363881472	14831616	0	5062656	41368838144	51807522816	88046829568	83751862272	42383024128	4720582656	36355280896	35165188096	9437184	0	0	4294967296	0	0	0	0	0	0.0	142	0	0	2	43	0
195.4	78165893120	38363324416	13746176	0	5062656	41263181824	51807522816	88046829568	83751862272	42488680448	4615393280	36354580480	35127373824	8183808	0	0	4294967296	0	0	0	0	0	0.0	147	0	0	2	43	0
196.4	78220550144	38363815936	13926400	0	5062656	41498664960	51807522816	88046829568	83751862272	42253197312	4849999872	36354637824	35151650816	8192000	0	0	4294967296	0	0	0	0	0	0.0	147	0	0	2	43	0
197.5	78121455616	38364368896	10489856	0	5062656	41367953408	51807522816	88046829568	83751862272	42383908864	4719017984	36355354624	35166035968	8859648	0	0	4294967296	0	0	0	0	0	0.0	147	0	0	2	43	0
198.5	78201135104	38364524544	10510336	0	5062656	41324810240	51807522816	88046829568	83751862272	42427052032	4675129344	36355608576	35139895296	9003008	0	0	4294967296	0	0	0	0	0	0.0	147	0	0	2	43	0
199.5	78221619200	38358966272	4837376	0	5062656	41257947136	51807522816	88046829568	83751862272	42493915136	4614475776	36349431808	35125628928	2609152	0	0	4294967296	0	0	0	0	0	0.0	147	0	0	2	43	0
200.5	78173028352	38364020736	8663040	0	5062656	41399619584	51807522816	88046829568	83751862272	42352242688	4749877248	36355096576	35151601664	6676480	0	0	4294967296	0	0	0	0	0	0.0	147	0	0	2	43	0
201.5	78078410752	38364200960	8679424	0	5062656	41594314752	51807522816	88046829568	83751862272	42157547520	4943839232	36355162112	35151798272	6684672	0	0	4294967296	0	0	0	0	0	0.0	147	0	0	2	43	0
202.5	78146744320	38362071040	6451200	57344	5062656	41302061056	51807522816	88046829568	83751862272	42449801216	4654256128	36353368064	35132882944	4775936	0	0	4294967296	0	0	0	0	0	0.0	147	0	0	2	43	0
203.5	78076092416	38364581888	8888320	0	5062656	41439973376	51807522816	88046829568	83751862272	42311888896	4789907456	36355399680	35151585280	6705152	0	0	4294967296	0	0	0	0	0	0.0	147	0	0	2	43	0
204.5	78168887296	38364696576	8933376	0	5062656	41537998848	51807522816	88046829568	83751862272	42213863424	4887461888	36355518464	35151781888	6709248	0	0	4294967296	0	0	0	0	0	0.0	147	0	0	2	43	0
205.6	78104211456	38365286400	8429568	0	5062656	41606270976	51807522816	88046829568	83751862272	42145591296	4954456064	36356427776	35153399808	6504448	0	0	4294967296	0	0	0	0	0	0.0	149	0	0	2	43	0
206.6	77958819840	38364073984	8183808	0	5062656	41320427520	51807522816	88046829568	83751862272	42431434752	4670472192	36354973696	35132973056	4964352	0	0	4294967296	0	0	0	0	0	0.0	149	0	0	2	43	0
207.6	77710462976	38365024256	9084928	0	5062656	41500200960	51807522816	88046829568	83751862272	42251661312	4849807360	36355788800	35151654912	5722112	0	0	4294967296	0	0	0	0	0	0.0	149	0	0	2	43	0
208.6	77655711744	38365597696	10088448	0	5062656	41370345472	51807522816	88046829568	83751862272	42381516800	4719243264	36356538368	35166846976	6414336	0	0	4294967296	0	0	0	0	0	0.0	149	0	0	2	43	0
209.6	77506416640	38359777280	4190208	45056	5062656	41258967040	51807522816	88046829568	83751862272	42492895232	4614475776	36350353408	35125628928	143360	0	0	4294967296	0	0	0	0	0	0.0	150	0	0	2	43	0
210.6	77573890048	38360399872	4874240	0	5062656	41271115776	51807522816	88046829568	83751862272	42480746496	4624883712	36351709184	35132665856	1409024	0	0	4294967296	0	0	0	0	0	0.0	150	0	0	2	43	0
211.6	77559574528	38370320384	14737408	0	5062656	41282904064	51807522816	88046829568	83751862272	42468958208	4625895424	36361592832	35138834432	11296768	0	0	4294967296	0	0	0	0	0	0.0	150	0	0	2	43	0
212.6	77581275136	38361853952	5156864	0	5062656	41295429632	51807522816	88046829568	83751862272	42456432640	4650323968	36351127552	35125735424	847872	0	0	4294967296	0	0	0	0	0	0.0	150	0	0	2	43	0
213.7	77585891328	38361505792	4812800	0	5062656	41300942848	51807522816	88046829568	83751862272	42450919424	4656222208	36351127552	35125735424	847872	0	0	4294967296	0	0	0	0	0	0.0	150	0	0	2	43	0
214.7	77504110592	38371983360	15273984	0	5062656	41413660672	51807522816	88046829568	83751862272	42338201600	4757241856	36361601024	35151691776	11321344	0	0	4294967296	0	0	0	0	0	0.0	150	0	0	2	43	0
215.7	77743837184	38364405760	6008832	0	5062656	41312108544	51807522816	88046829568	83751862272	42439753728	4662632448	36354199552	35128717312	2056192	0	0	4294967296	0	0	0	0	0	0.0	150	0	0	2	43	0
216.7	77731147776	38363799552	6344704	0	5062656	41389195264	51807522816	88046829568	83751862272	42362667008	4739768320	36354007040	35126325248	2666496	0	0	4294967296	0	0	0	0	0	0.0	150	0	0	2	43	0
217.7	77740331008	38366638080	7385088	0	5062656	41396953088	51807522816	88046829568	83751862272	42354909184	4742991872	36356542464	35126968320	3907584	0	0	4294967296	0	0	0	0	0	0.0	156	0	0	2	43	200
218.7	77746827264	38371958784	13496320	0	5062656	41396482048	51807522816	88046829568	83751862272	42355380224	4742991872	36356542464	35126968320	3907584	0	0	4294967296	0	0	0	0	0	0.0	156	0	0	2	43	200
219.7	77690560512	38376599552	18583552	0	5062656	41396088832	51807522816	88046829568	83751862272	42355773440	4742991872	36356567040	35127042048	3907584	0	0	4294967296	0	0	0	0	0	0.0	156	0	0	2	43	200
220.7	77526806528	38376599552	18558976	20480	5062656	41396613120	51807522816	88046829568	83751862272	42355249152	4742991872	36356567040	35127042048	3907584	0	0	4294967296	0	0	0	0	0	0.0	156	0	0	2	43	200
221.8	77244223488	38376603648	18554880	0	5062656	41396613120	51807522816	88046829568	83751862272	42355249152	4742991872	36356567040	35127042048	3907584	0	0	4294967296	0	0	0	0	0	0.0	156	0	0	2	43	200
222.8	77212688384	38376628224	18886656	0	5062656	41396629504	51807522816	88046829568	83751862272	42355232768	4742991872	36356567040	35127042048	3907584	0	0	4294967296	0	0	0	0	0	0.0	156	0	0	2	43	200
223.8	77232615424	38376706048	19476480	0	5062656	41395499008	51807522816	88046829568	83751862272	42356363264	4742991872	36356567040	35127042048	3907584	0	0	4294967296	0	0	0	0	0	0.0	156	0	0	2	43	200
224.8	77271818240	38376701952	19484672	0	5062656	41395658752	51807522816	88046829568	83751862272	42356203520	4742991872	36356567040	35127042048	3907584	0	0	4294967296	0	0	0	0	0	0.0	156	0	0	2	43	200
225.8	77279969280	38376701952	19488768	0	5062656	41395920896	51807522816	88046829568	83751862272	42355941376	4742991872	36356567040	35127042048	3907584	0	0	4294967296	0	0	0	0	0	0.0	156	0	0	2	43	200
226.8	77312999424	38376734720	19505152	12288	5062656	41395929088	51807522816	88046829568	83751862272	42355933184	4742991872	36356567040	35127042048	3907584	0	0	4294967296	0	0	0	0	0	0.0	156	0	0	2	43	200
227.9	77348290560	38376734720	19554304	0	5062656	41396449280	51807522816	88046829568	83751862272	42355412992	4742991872	36356567040	35127042048	3907584	0	0	4294967296	0	0	0	0	0	0.0	156	0	0	2	43	200
228.9	77398888448	38381166592	19632128	0	5062656	41396330496	51807522816	88046829568	83751862272	42355531776	4742991872	36356567040	35127042048	3907584	0	0	4294967296	0	0	0	0	0	0.0	156	0	0	2	43	200
229.9	77219287040	38381174784	19644416	0	5062656	41396563968	51807522816	88046829568	83751862272	42355298304	4742991872	36356567040	35127042048	3907584	0	0	4294967296	0	0	0	0	0	0.0	156	0	0	2	43	200
230.9	76972318720	38381170688	18419712	0	5062656	41396559872	51807522816	88046829568	83751862272	42355302400	4742991872	36356567040	35127042048	3330048	0	0	4294967296	0	0	0	0	0	0.0	157	0	0	2	43	200
231.9	77618880512	38398685184	18616320	0	5062656	41394565120	51807522816	88046829568	83751862272	42357297152	4742991872	36356567040	35127042048	3330048	0	0	4294967296	0	0	0	0	0	0.0	157	0	0	2	43	200
232.9	77659168768	38398685184	14266368	0	5062656	41395077120	51807522816	88046829568	83751862272	42356785152	4742991872	36356567040	35127042048	3297280	0	0	4294967296	0	0	0	0	0	0.0	157	0	0	2	43	200
233.9	77707554816	38398689280	14270464	0	5062656	41395073024	51807522816	88046829568	83751862272	42356789248	4742991872	36356567040	35127042048	3297280	0	0	4294967296	0	0	0	0	0	0.0	157	0	0	2	43	200
235.0	77740412928	38398689280	15360000	0	5062656	41395077120	51807522816	88046829568	83751862272	42356785152	4742991872	36356567040	35127042048	3297280	0	0	4294967296	0	0	0	0	0	0.0	157	0	0	2	43	200
236.0	77782859776	38398685184	15749120	0	5062656	41395073024	51807522816	88046829568	83751862272	42356789248	4742991872	36356567040	35127042048	3297280	0	0	4294967296	0	0	0	0	0	0.0	157	0	0	2	43	200
237.0	77820874752	38398746624	15769600	0	5062656	41395331072	51807522816	88046829568	83751862272	42356531200	4742991872	36356567040	35127042048	3297280	0	0	4294967296	0	0	0	0	0	0.0	157	0	0	2	43	200
238.0	77852401664	38398717952	15769600	0	5062656	41395589120	51807522816	88046829568	83751862272	42356273152	4742991872	36356567040	35127042048	3297280	0	0	4294967296	0	0	0	0	0	0.0	157	0	0	2	43	200
239.0	77895094272	38398717952	15790080	0	5062656	41395879936	51807522816	88046829568	83751862272	42355982336	4742991872	36356567040	35127042048	3297280	0	0	4294967296	0	0	0	0	0	0.0	157	0	0	2	43	200
240.0	77934510080	38398722048	15794176	0	5062656	41395879936	51807522816	88046829568	83751862272	42355982336	4742991872	36356567040	35127042048	3297280	0	0	4294967296	0	0	0	0	0	0.0	157	0	0	2	43	200
241.1	77965197312	38398763008	15564800	0	5062656	41395879936	51807522816	88046829568	83751862272	42355982336	4742991872	36356567040	35127042048	3297280	0	0	4294967296	0	0	0	0	0	0.0	157	0	0	2	43	200
242.1	77989707776	38398758912	16244736	0	5062656	41395871744	51807522816	88046829568	83751862272	42355990528	4742991872	36356567040	35127042048	3297280	0	0	4294967296	0	0	0	0	0	0.0	157	0	0	2	43	200
243.1	78019624960	38398894080	16277504	0	5062656	41395847168	51807522816	88046829568	83751862272	42356015104	4742991872	36356567040	35127042048	3059712	0	0	4294967296	0	0	0	0	0	0.0	157	0	0	2	43	200
244.1	78059020288	38398902272	16285696	0	5062656	41395601408	51807522816	88046829568	83751862272	42356260864	4742991872	36356567040	35127042048	3059712	0	0	4294967296	0	0	0	0	0	0.0	157	0	0	2	43	200
245.1	78073024512	38398902272	16285696	0	5062656	41395351552	51807522816	88046829568	83751862272	42356510720	4742991872	36356567040	35127042048	3063808	0	0	4294967296	0	0	0	0	0	0.0	157	0	0	2	43	200
246.1	78093692928	38398906368	14999552	0	5062656	41395351552	51807522816	88046829568	83751862272	42356510720	4742991872	36356567040	35127042048	3063808	0	0	4294967296	0	0	0	0	0	0.0	159	0	0	2	43	200
247.2	78118166528	38399066112	15077376	0	5062656	41395613696	51807522816	88046829568	83751862272	42356248576	4742991872	36356567040	35127042048	1806336	0	0	4294967296	0	0	0	0	0	0.0	159	0	0	2	43	200
248.2	78073634816	38399393792	15822848	0	5062656	41394036736	51807522816	88046829568	83751862272	42357825536	4742991872	36356567040	35127042048	1806336	0	0	4294967296	0	0	0	0	0	0.0	160	0	0	2	43	200
249.2	77955104768	38399864832	17100800	0	5062656	41394270208	51807522816	88046829568	83751862272	42357592064	4742991872	36356567040	35127042048	1806336	0	0	4294967296	0	0	0	0	0	0.0	160	0	0	2	43	200
