elapsed_s	mem_available	cached	dirty	writeback	swap_free_delta	cg_current	cg_peak	cg_max	cg_high	cg_headroom	cg_anon	cg_file	cg_file_mapped	cg_file_dirty	cg_file_writeback	cg_swap_current	cg_swap_max	event_high_delta	event_max_delta	event_oom_delta	event_oom_kill_delta	swap_event_max_delta	psi_full_avg10	pswpin_delta	pswpout_delta	host_oom_kill_delta	pack_version	pack_layers	health
0.0	118397390848	563482624	3190784	0	0	23961600	24223744	107374182400	103079215104	107350220800	7917568	13549568	5619712	8192	0	0	0	0	0	0	0	0	0.54	0	0	0	2	43	0
1.0	117926977536	1353629696	3653632	0	0	549392384	549392384	107374182400	103079215104	106824790016	234795008	304627712	200728576	8192	0	0	0	0	0	0	0	0	0.44	0	0	0	2	43	0
2.0	117597454336	1616166912	4456448	0	0	801034240	801042432	107374182400	103079215104	106573148160	362037248	417058816	248782848	53248	0	0	0	0	0	0	0	0	0.44	0	0	0	2	43	0
3.0	117473005568	1714683904	6737920	0	0	934932480	935059456	107374182400	103079215104	106439249920	446742528	457793536	253952000	1597440	0	0	0	0	0	0	0	0	0.36	0	0	0	2	43	0
4.1	117319901184	1749766144	6881280	0	0	1041285120	1041285120	107374182400	103079215104	106332897280	458108928	505905152	255168512	1597440	0	0	0	0	0	0	0	0	0.36	0	0	0	2	43	0
5.1	116816187392	1828638720	7282688	0	0	1211604992	1211871232	107374182400	103079215104	106162577408	531808256	585850880	283238400	1957888	0	0	0	0	0	0	0	0	0.29	0	0	0	2	43	0
6.1	115947737088	1869303808	11665408	0	0	1520861184	1520861184	107374182400	103079215104	105853321216	800190464	620187648	304193536	5910528	0	0	0	0	0	0	0	0	0.29	0	0	0	2	43	0
7.1	115727941632	1944739840	11669504	0	0	1707851776	1707855872	107374182400	103079215104	105666330624	986824704	620187648	305143808	5910528	0	0	0	0	0	0	0	0	0.24	0	0	0	2	43	0
8.1	115710132224	1948045312	11669504	0	0	1768222720	1768222720	107374182400	103079215104	105605959680	1045995520	620187648	305958912	5910528	0	0	0	0	0	0	0	0	0.24	0	0	0	2	43	0
9.1	115724996608	1963143168	13910016	0	0	1870073856	1870397440	107374182400	103079215104	105504108544	1128431616	636502016	311029760	8052736	0	0	0	0	0	0	0	0	0.19	0	0	0	2	43	0
10.2	116800208896	2122969088	13971456	0	0	2018578432	2018590720	107374182400	103079215104	105355603968	1119002624	796012544	397414400	8052736	0	0	0	0	0	0	0	0	0.19	0	0	0	2	43	0
11.2	117113360384	2165555200	17879040	0	0	1707204608	2045825024	107374182400	103079215104	105666977792	769855488	838475776	304963584	11796480	0	0	0	0	0	0	0	0	0.16	0	0	0	2	43	0
12.2	116867780608	2166120448	17887232	0	0	2111320064	2111320064	107374182400	103079215104	105262862336	1168556032	838987776	315285504	11800576	0	0	0	0	0	0	0	0	0.16	0	0	0	2	43	0
13.2	116866400256	2179563520	17924096	0	0	2202939392	2202939392	107374182400	103079215104	105171243008	1258278912	839258112	316633088	11804672	0	0	0	0	0	0	0	0	0.13	0	0	0	2	43	0
14.2	116850286592	2183008256	19230720	0	0	2308886528	2308911104	107374182400	103079215104	105065295872	1359388672	842805248	319520768	12783616	0	0	0	0	0	0	0	0	0.13	0	0	0	2	43	0
15.2	116682989568	2366763008	20340736	0	0	2584514560	2584514560	107374182400	103079215104	104789667840	1438748672	1028677632	429568000	13893632	0	0	0	0	0	0	0	0	0.1	0	0	0	2	43	0
16.2	116441042944	2451116032	20426752	0	0	2952884224	2956066816	107374182400	103079215104	104421298176	1715949568	1113575424	466493440	14094336	0	0	0	0	0	0	0	0	0.1	0	0	0	2	43	0
17.2	115011117056	4208332800	20815872	0	0	6336376832	6336376832	107374182400	103079215104	101037805568	3329961984	2873348096	2224398336	14336000	0	0	0	0	0	0	0	0	0.08	0	0	0	2	43	0
18.3	109336764416	5991366656	20836352	0	0	13719232512	13719232512	107374182400	103079215104	93654949888	8913756160	4653318144	4002549760	14352384	0	0	0	0	0	0	0	0	0.08	0	0	0	2	43	0
19.3	108237103104	8621199360	2648600576	0	0	16142331904	16142331904	107374182400	103079215104	91231850496	8634175488	7283150848	4002553856	2644193280	0	0	0	0	0	0	0	0	0.07	0	0	0	2	43	0
20.3	108245139456	9413922816	1159622656	1075838976	0	16954351616	16954454016	107374182400	103079215104	90419830784	8634175488	8075874304	4002553856	1153118208	1075838976	0	0	0	0	0	0	0	0.07	0	0	0	2	43	0
21.3	106278252544	5991366656	20869120	0	0	15308840960	16954454016	107374182400	103079215104	92065341440	10499907584	4653338624	4002553856	14364672	0	0	0	0	0	0	0	0	0.05	0	0	0	2	1	0
22.3	106502279168	7803318272	220098560	538968064	0	17115705344	17115705344	107374182400	103079215104	90258477056	10446143488	6465282048	4002553856	213594112	538968064	0	0	0	0	0	0	0	0.05	0	0	0	2	1	0
23.3	108440928256	8316358656	20885504	0	0	16346181632	17115705344	107374182400	103079215104	91028000768	9210392576	6981046272	2763821056	14364672	0	0	0	0	0	0	0	0	0.04	0	0	0	2	1	0
24.4	105323708416	9557725184	21168128	0	0	20904058880	20904321024	107374182400	103079215104	86470123520	12518113280	8219561984	4002631680	14364672	0	0	0	0	0	0	0	0	0.04	0	0	0	2	1	0
25.4	106472497152	12980277248	1349591040	566231040	0	22346424320	22346731520	107374182400	103079215104	85027758080	10449260544	11642114048	4002631680	1343741952	559939584	0	0	0	0	0	0	0	0.03	0	0	0	2	1	0
26.4	105994678272	11369672704	686891008	538968064	0	20692144128	22346731520	107374182400	103079215104	86682038272	10449260544	10031509504	4002631680	681041920	538968064	0	0	0	0	0	0	0	0.03	0	0	0	2	2	0
27.4	108581580800	7710363648	17956864	0	0	15102033920	22346731520	107374182400	103079215104	92272148480	8573960192	6374395904	2156646400	12058624	0	0	0	0	0	0	0	0	0.03	0	0	0	2	2	0
28.4	106555764736	9587900416	18092032	0	0	19670212608	22346731520	107374182400	103079215104	87703969792	11255795712	8249720832	4032606208	12058624	0	0	0	0	0	0	0	0	0.03	0	0	0	2	2	0
29.4	107300401152	13010460672	3361153024	79691776	0	22377869312	22377869312	107374182400	103079215104	84996313088	10450063360	11672272896	4032606208	3350724608	81788928	0	0	0	0	0	0	0	0.02	0	0	0	2	2	0
30.4	106656325632	10244448256	667537408	8192	0	19538128896	22377869312	107374182400	103079215104	87836053504	10450063360	8906129408	4032606208	668467200	0	0	0	0	0	0	0	0	0.02	0	0	0	2	3	0
31.5	110101766144	6971944960	13242368	0	0	13614575616	22377869312	107374182400	103079215104	93759606784	7828148224	5638123520	1389604864	12058624	0	0	0	0	0	0	0	0	0.02	0	0	0	2	3	0
32.5	107704705024	9596600320	14364672	0	0	18890244096	22377869312	107374182400	103079215104	88483938304	10468073472	8258269184	4011241472	12058624	0	0	0	0	0	0	0	0	0.02	0	0	0	2	3	0
33.5	107243966464	11651813376	2067742720	0	0	20984111104	22377869312	107374182400	103079215104	86390071296	10450075648	10315575296	4011241472	2067267584	0	0	0	0	0	0	0	0	0.01	0	0	0	2	3	0
34.5	107230277632	13019156480	1431785472	538968064	0	22386843648	22386843648	107374182400	103079215104	84987338752	10450075648	11680821248	4011241472	1427636224	538968064	0	0	0	0	0	0	0	0.01	0	0	0	2	3	0
35.5	107211280384	13019152384	16728064	343932928	0	22386843648	22386843648	107374182400	103079215104	84987338752	10450075648	11680821248	4011241472	12058624	343932928	0	0	0	0	0	0	0	0.01	0	0	0	2	3	0
36.5	107164979200	11408572416	815521792	538968064	0	20732108800	22386843648	107374182400	103079215104	86642073600	10450075648	10070208512	4011241472	811712512	538968064	0	0	0	0	0	0	0	0.01	0	0	0	2	4	0
37.5	110718218240	6200098816	12320768	0	0	12031627264	22386843648	107374182400	103079215104	95342555136	7027507200	4859641856	4041388032	8503296	0	0	0	0	0	0	0	0	0.01	0	0	0	2	4	0
38.6	107979034624	9331535872	13733888	0	0	18338877440	22386843648	107374182400	103079215104	89035304960	10187042816	7989628928	3769425920	8503296	0	0	0	0	0	0	0	0	0.01	0	0	0	2	4	0
39.6	107261247488	9597845504	13959168	4096	0	19199889408	22386843648	107374182400	103079215104	88174292992	10783412224	8251744256	4032430080	8622080	0	0	0	0	0	0	0	0	0.0	0	0	0	2	4	0
40.6	107235872768	13020393472	2301952000	538968064	0	22380814336	22386843648	107374182400	103079215104	84993368064	10450075648	11674296320	4032430080	2296614912	538968064	0	0	0	0	0	0	0	0.0	0	0	0	2	4	0
41.6	107222818816	13020409856	282361856	538968064	0	22380621824	22386843648	107374182400	103079215104	84993560576	10450075648	11674296320	4032430080	277147648	538968064	0	0	0	0	0	0	0	0.0	0	0	0	2	4	0
42.6	106884366336	11204284416	1612484608	0	0	20516990976	22386843648	107374182400	103079215104	86857191424	10450075648	9858162688	4032430080	1606963200	0	0	0	0	0	0	0	0	0.0	0	0	0	2	5	0
43.6	110454980608	6771453952	8183808	0	0	13196677120	22386843648	107374182400	103079215104	94177505280	7623692288	5427490816	1184960512	2641920	0	0	0	0	0	0	0	0	0.0	0	0	0	2	5	0
44.7	107729293312	9598144512	8249344	0	0	18864529408	22386843648	107374182400	103079215104	88509652992	10450075648	8252071936	4011241472	2641920	0	0	0	0	0	0	0	0	0.0	0	0	0	2	5	0
45.7	106248032256	10829234176	1237180416	0	0	20131581952	22386843648	107374182400	103079215104	87242600448	10450075648	9483100160	4011241472	1233670144	0	0	0	0	0	0	0	0	0.0	0	0	0	2	5	0
46.7	106265022464	13020766208	750592000	404750336	0	22380568576	22386843648	107374182400	103079215104	84993613824	10450075648	11674624000	4011241472	744984576	404750336	0	0	0	0	0	0	0	0.0	0	0	0	2	5	0
47.7	105686884352	9598222336	6164480	0	0	19446075392	22386843648	107374182400	103079215104	87928107008	11029708800	8252071936	4011241472	540672	0	0	0	0	0	0	0	0	0.0	0	0	0	2	6	0
48.7	106079248384	11410292736	6209536	402653184	0	20725796864	22386843648	107374182400	103079215104	86648385536	10450075648	10064011264	4011241472	540672	402653184	0	0	0	0	0	0	0	0.0	0	0	0	2	6	0
49.7	109232508928	7395844096	6213632	0	0	14449172480	22386843648	107374182400	103079215104	92925009920	8248623104	6051082240	1831047168	540672	0	0	0	0	0	0	0	0	0.0	0	0	0	2	6	0
50.7	107153977344	9598078976	6815744	0	0	19384397824	22386843648	107374182400	103079215104	87989784576	10968096768	8251752448	4032442368	540672	0	0	0	0	0	0	0	0	0.0	0	0	0	2	6	0
51.8	106932387840	12571975680	2973143040	348160	0	21920419840	22386843648	107374182400	103079215104	85453762560	10450075648	11225513984	4032430080	2972061696	0	0	0	0	0	0	0	0	0.0	0	0	0	2	6	0
52.8	106918912000	13020766208	1081991168	1075838976	0	22379343872	22386843648	107374182400	103079215104	84994838528	10450075648	11674304512	4032430080	1080430592	1075838976	0	0	0	0	0	0	0	0.0	0	0	0	2	6	0
53.8	106462613504	9598222336	3162112	0	0	19123916800	22386843648	107374182400	103079215104	88250265600	10709864448	8251752448	4032430080	397312	0	0	0	0	0	0	0	0	0.0	0	0	0	2	7	0
54.8	106720096256	11410165760	739463168	538968064	0	20724051968	22386843648	107374182400	103079215104	86650130432	10450075648	10063691776	4032430080	736497664	538968064	0	0	0	0	0	0	0	0.0	0	0	0	2	7	0
55.8	110867984384	6058786816	3698688	0	0	11886710784	22386843648	107374182400	103079215104	95487471616	7027507200	4712579072	2605416448	397312	0	0	0	0	0	0	0	0	0.0	0	0	0	2	7	0
56.8	107947950080	9565511680	3837952	0	0	18804719616	22386843648	107374182400	103079215104	88569462784	10418896896	8221724672	3980169216	397312	0	0	0	0	0	0	0	0	0.0	0	0	0	2	7	0
57.8	106467373056	9598554112	3780608	0	0	19567702016	22386843648	107374182400	103079215104	87806480384	11151171584	8252080128	4011241472	389120	0	0	0	0	0	0	0	0	0.0	0	0	0	2	7	0
58.9	106574442496	13021143040	2350510080	538968064	0	22380707840	22386843648	107374182400	103079215104	84993474560	10450075648	11674632192	4011241472	2347102208	538968064	0	0	0	0	0	0	0	0.0	0	0	0	2	7	0
59.9	106572197888	13021147136	480161792	538968064	0	22380261376	22386843648	107374182400	103079215104	84993921024	10450075648	11674632192	4011241472	476446720	538968064	0	0	0	0	0	0	0	0.0	0	0	0	2	7	0
60.9	105696542720	10420682752	824098816	0	0	19711062016	22386843648	107374182400	103079215104	87663120384	10450075648	9074163712	4011241472	822476800	0	0	0	0	0	0	0	0	0.0	0	0	0	2	8	0
61.9	105697988608	11410538496	4407296	536870912	0	20724482048	22386843648	107374182400	103079215104	86649700352	10450075648	10064019456	4011241472	4096	536870912	0	0	0	0	0	0	0	0.0	0	0	0	2	8	0
62.9	108176412672	7544889344	5910528	0	0	14734835712	22386843648	107374182400	103079215104	92639346688	8390684672	6193668096	1973149696	4096	0	0	0	0	0	0	0	0	0.0	0	0	0	2	8	0
63.9	106046472192	9609084928	7249920	0	0	19397558272	22386843648	107374182400	103079215104	87976624128	10981040128	8251760640	4032430080	8192	0	0	0	0	0	0	0	0	0.0	0	0	0	2	8	0
64.9	106349850624	12291358720	2696814592	0	0	21629562880	22386843648	107374182400	103079215104	85744619520	10450075648	10944503808	4032430080	2690654208	0	0	0	0	0	0	0	0	0.0	0	0	0	2	8	0
66.0	106366296064	13021167616	1354620928	538968064	0	22377377792	22386843648	107374182400	103079215104	84996804608	10450075648	11674312704	4032430080	1348476928	538968064	0	0	0	0	0	0	0	0.0	0	0	0	2	8	0
67.0	105807478784	9598767104	2703360	0	0	19255898112	22386843648	107374182400	103079215104	88118284288	10843582464	8251760640	4032430080	8192	0	0	0	0	0	0	0	0	0.0	0	0	0	2	9	0
68.0	108871806976	9627910144	2969600	0	0	15461072896	22386843648	107374182400	103079215104	91913109504	7027507200	8280961024	4062642176	8192	0	0	0	0	0	0	0	0	0.0	0	0	0	2	9	0
69.0	106697789440	8801681408	3661824	0	0	17271500800	22386843648	107374182400	103079215104	90102681600	9653325824	7457800192	3214528512	8192	0	0	0	0	0	0	0	0	0.0	0	0	0	2	9	0
70.0	103726841856	9599311872	4591616	0	0	21015232512	22386843648	107374182400	103079215104	86358949888	12597563392	8252088320	4011241472	8192	0	0	0	0	0	0	0	0	0.0	0	0	0	2	9	0
71.0	105442463744	13022900224	164196352	587202560	0	22379573248	22386843648	107374182400	103079215104	84994609152	10450075648	11674640384	4011241472	153100288	593494016	0	0	0	0	0	0	0	0.0	0	0	0	2	9	0
72.0	106660319232	11412299776	203988992	538968064	0	20725116928	22386843648	107374182400	103079215104	86649065472	10450075648	10064027648	4011241472	199237632	538968064	0	0	0	0	0	0	0	0.0	0	0	0	2	10	0
73.1	110310752256	6612418560	5263360	0	0	12877455360	22386843648	107374182400	103079215104	94496727040	7464464384	5266665472	1046827008	8192	0	0	0	0	0	0	0	0	0.0	0	0	0	2	10	0
74.1	107605176320	9599692800	5492736	0	0	18864930816	22386843648	107374182400	103079215104	88509251584	10450075648	8251760640	4032368640	8192	0	0	0	0	0	0	0	0	0.0	0	0	0	2	10	0
75.1	107087081472	9962876928	368304128	0	0	19239768064	22386843648	107374182400	103079215104	88134414336	10450075648	8616665088	4032368640	362815488	0	0	0	0	0	0	0	0	0.0	0	0	0	2	10	0
76.1	107053281280	13022621696	1815334912	538968064	0	22381039616	22386843648	107374182400	103079215104	84993142784	10450075648	11674312704	4032368640	1809850368	538968064	0	0	0	0	0	0	0	0.0	0	0	0	2	10	0
77.1	107056136192	13022679040	146001920	538968064	0	22380888064	22386843648	107374182400	103079215104	84993294336	10450075648	11674312704	4032368640	140517376	538968064	0	0	0	0	0	0	0	0.0	0	0	0	2	10	0
78.1	107149537280	11412070400	1278480384	538968064	0	20726038528	22386843648	107374182400	103079215104	86648143872	10450075648	10063699968	4032368640	1272979456	538968064	0	0	0	0	0	0	0	0.0	0	0	0	2	11	0
79.1	110229913600	9629253632	5509120	0	0	15464505344	22386843648	107374182400	103079215104	91909677056	7027507200	8280973312	4062646272	8192	0	0	0	0	0	0	0	0	0.0	0	0	0	2	11	0
80.2	108513243136	8711675904	5525504	0	0	17087209472	22386843648	107374182400	103079215104	90286972928	9563369472	7366041600	3124572160	8192	0	0	0	0	0	0	0	0	0.0	0	0	0	2	11	0
81.2	105483730944	9600188416	5529600	0	0	21016522752	22386843648	107374182400	103079215104	86357659648	12597563392	8252100608	4011241472	8192	0	0	0	0	0	0	0	0	0.0	0	0	0	2	11	0
82.2	107156439040	13023076352	2629001216	538968064	0	22380732416	22386843648	107374182400	103079215104	84993449984	10450079744	11674652672	4011241472	2623545344	538968064	0	0	0	0	0	0	0	0.0	0	0	0	2	11	0
83.2	107140014080	13023084544	615743488	538968064	0	22380732416	22386843648	107374182400	103079215104	84993449984	10450079744	11674652672	4011241472	610279424	538968064	0	0	0	0	0	0	0	0.0	0	0	0	2	11	0
84.2	106922962944	9600536576	5480448	0	0	19426152448	22386843648	107374182400	103079215104	87948029952	11009957888	8252100608	4011241472	8192	0	0	0	0	0	0	0	0	0.0	0	0	0	2	12	0
85.2	107164864512	11412475904	137633792	538968064	0	20725657600	22386843648	107374182400	103079215104	86648524800	10450079744	10064039936	4011241472	132128768	538968064	0	0	0	0	0	0	0	0.0	0	0	0	2	12	0
86.2	110310961152	6933360640	5525504	0	0	13519962112	22386843648	107374182400	103079215104	93854220288	7785324544	5587587072	1367625728	8192	0	0	0	0	0	0	0	0	0.0	0	0	0	2	12	0
87.3	107684757504	9601339392	6275072	0	0	18865192960	22386843648	107374182400	103079215104	88508989440	10450157568	8251768832	4032368640	8192	0	0	0	0	0	0	0	0	0.0	0	0	0	2	12	0
88.3	107199586304	10879340544	1282899968	0	0	20181045248	22386843648	107374182400	103079215104	87193137152	10450161664	9531031552	4032368640	1277173760	0	0	0	0	0	0	0	0	0.0	0	0	0	2	12	0
89.3	107188436992	13024825344	1488658432	538968064	0	22380957696	22386843648	107374182400	103079215104	84993224704	10450161664	11674320896	4032368640	1482694656	538968064	0	0	0	0	0	0	0	0.0	0	0	0	2	12	0
90.3	106958802944	12813053952	6107136	0	0	22179360768	22386843648	107374182400	103079215104	85194821632	10450161664	11458314240	4032368640	8192	0	0	0	0	0	0	0	0	0.0	0	0	0	2	12	0
91.3	107028553728	11414319104	1010642944	538968064	0	20725919744	22386843648	107374182400	103079215104	86648262656	10450161664	10063708160	4032368640	1004544000	538968064	0	0	0	0	0	0	0	0.0	0	0	0	2	13	0
92.3	110505127936	6062825472	6111232	0	0	11887886336	22386843648	107374182400	103079215104	95486296064	7027593216	4712210432	4062646272	8192	0	0	0	0	0	0	0	0	0.0	0	0	0	2	13	0
93.3	107543048192	9533091840	6098944	0	0	18735480832	22386843648	107374182400	103079215104	88638701568	10383966208	8187265024	3945041920	8192	0	0	0	0	0	0	0	0	0.0	0	0	0	2	13	0
94.4	105865629696	9602732032	6656000	0	0	19552124928	22386843648	107374182400	103079215104	87822057472	11135717376	8252108800	4011241472	8192	0	0	0	0	0	0	0	0	0.0	0	0	0	2	13	0
95.4	106331328512	13025284096	2353369088	538968064	0	22380371968	22386843648	107374182400	103079215104	84993810432	10450276352	11674660864	4011241472	2346721280	538968064	0	0	0	0	0	0	0	0.0	0	0	0	2	13	0
96.4	106009518080	11414745088	809955328	538968064	0	20725964800	22386843648	107374182400	103079215104	86648217600	10450280448	10064048128	4011241472	803217408	538968064	0	0	0	0	0	0	0	0.0	0	0	0	2	14	0
97.4	109912162304	6309539840	1429504	0	0	12114202624	22386843648	107374182400	103079215104	95259979776	7027712000	4942024704	4041388032	4096	0	0	0	0	0	0	0	0	0.0	0	0	0	2	14	0
98.4	108053950464	9242034176	1294336	0	0	18115260416	22386843648	107374182400	103079215104	89258921984	10076057600	7878176768	3658125312	4096	0	0	0	0	0	0	0	0	0.0	0	0	0	2	14	0
99.4	106342576128	9616814080	2396160	0	0	18976702464	22386843648	107374182400	103079215104	88397479936	10561265664	8251777024	4032368640	4096	0	0	0	0	0	0	0	0	0.0	0	0	0	2	14	0
100.4	106042630144	13039591424	2290950144	538968064	0	22380421120	22386843648	107374182400	103079215104	84993761280	10450382848	11674329088	4032368640	2287996928	538968064	0	0	0	0	0	0	0	0.0	0	0	0	2	14	0
101.5	106070298624	13039595520	277688320	538968064	0	22380367872	22386843648	107374182400	103079215104	84993814528	10450382848	11674329088	4032368640	274731008	538968064	0	0	0	0	0	0	0	0.0	0	0	0	2	14	0
102.5	105983713280	10571194368	949231616	0	0	19839709184	22386843648	107374182400	103079215104	87534473216	10450382848	9199689728	4032368640	945823744	0	0	0	0	0	0	0	0	0.0	0	0	0	2	15	0
103.5	106050596864	11437318144	3366912	603979776	0	20725194752	22386843648	107374182400	103079215104	86648987648	10450382848	10063716352	4032368640	8192	603979776	0	0	0	0	0	0	0	0.0	0	0	0	2	15	0
104.5	108768972800	7892148224	3313664	0	0	15388938240	22386843648	107374182400	103079215104	91985244160	8717361152	6519582720	2278215680	8192	0	0	0	0	0	0	0	0	0.0	0	0	0	2	15	0
105.5	106451939328	9625722880	3592192	0	0	19922038784	22386843648	107374182400	103079215104	87452143616	11504955392	8252116992	4011241472	8192	0	0	0	0	0	0	0	0	0.0	0	0	0	2	15	0
106.5	107382222848	13048274944	2887176192	538968064	0	22381092864	22386843648	107374182400	103079215104	84993089536	10450505728	11674669056	4011241472	2883592192	538968064	0	0	0	0	0	0	0	0.0	0	0	0	2	15	0
107.5	107374936064	13048283136	1150775296	538968064	0	22380900352	22386843648	107374182400	103079215104	84993282048	10450505728	11674669056	4011241472	1147150336	538968064	0	0	0	0	0	0	0	0.0	0	0	0	2	15	0
108.6	107251408896	11209146368	1584889856	0	0	20493262848	22386843648	107374182400	103079215104	86880919552	10450509824	9835466752	4011241472	1583357952	0	0	0	0	0	0	0	0	0.0	0	0	0	2	16	0
109.6	109511196672	7480139776	3760128	0	0	14493601792	22386843648	107374182400	103079215104	92880580608	8270569472	6073073664	1852641280	8192	0	0	0	0	0	0	0	0	0.0	0	0	0	2	16	0
110.6	106965409792	9660907520	3760128	0	0	19405860864	22386843648	107374182400	103079215104	87968321536	10990034944	8251785216	4032368640	8192	0	0	0	0	0	0	0	0	0.0	0	0	0	2	16	0
111.6	106806591488	12743720960	3084476416	0	0	22033825792	22386843648	107374182400	103079215104	85340356608	10450612224	11334598656	4032368640	3082821632	0	0	0	0	0	0	0	0	0.0	0	0	0	2	16	0
112.6	106289045504	11183448064	1526288384	0	0	20432715776	22386843648	107374182400	103079215104	86941466624	10450612224	9776414720	4032368640	1522540544	0	0	0	0	0	0	0	0	0.0	0	0	0	2	17	0
113.6	109067612160	7472316416	3776512	0	0	14481444864	22386843648	107374182400	103079215104	92892737536	8263237632	6066835456	1823862784	8192	0	0	0	0	0	0	0	0	0.0	0	0	0	2	17	0
114.6	106702999552	9661362176	4390912	0	0	19504009216	22386843648	107374182400	103079215104	87870173184	11087831040	8252125184	4011241472	8192	0	0	0	0	0	0	0	0	0.0	0	0	0	2	17	0
115.7	106912468992	12974874624	3315814400	0	0	22270873600	22386843648	107374182400	103079215104	85103308800	10450714624	11565625344	4011241472	3313508352	0	0	0	0	0	0	0	0	0.0	0	0	0	2	17	0
116.7	106910429184	11286667264	1627607040	0	0	20536594432	22386843648	107374182400	103079215104	86837587968	10450714624	9877417984	4011241472	1623203840	0	0	0	0	0	0	0	0	0.0	0	0	0	2	18	0
117.7	110115471360	7393480704	4390912	0	0	14323113984	22386843648	107374182400	103079215104	93051068416	8184975360	5988696064	1766793216	8192	0	0	0	0	0	0	0	0	0.0	0	0	0	2	18	0
118.7	107495116800	9660694528	4399104	0	0	19326365696	22386843648	107374182400	103079215104	88047816704	10910445568	8251793408	4032368640	8192	0	0	0	0	0	0	0	0	0.0	0	0	0	2	18	0
119.7	107475009536	12484022272	2825203712	0	0	21766725632	22386843648	107374182400	103079215104	85607456768	10450833408	11074560000	4032368640	2822774784	0	0	0	0	0	0	0	0	0.0	0	0	0	2	18	0
120.7	106982449152	11003432960	1346711552	0	0	20247916544	22386843648	107374182400	103079215104	87126265856	10450833408	9596067840	4032368640	1342185472	0	0	0	0	0	0	0	0	0.0	0	0	0	2	19	0
121.7	110263414784	7289073664	4493312	0	0	14113398784	22386843648	107374182400	103079215104	93260783616	8080326656	5882404864	1640796160	0	0	0	0	0	0	0	0	0	0.0	0	0	0	2	19	0
122.8	107596492800	9661452288	4509696	0	0	19149512704	22386843648	107374182400	103079215104	88224669696	10732838912	8252133376	4011241472	0	0	0	0	0	0	0	0	0	0.0	0	0	0	2	19	0
123.8	107399155712	12186574848	2529484800	0	0	21464231936	22386843648	107374182400	103079215104	85909950464	10450935808	10779201536	4011241472	2524971008	0	0	0	0	0	0	0	0	0.0	0	0	0	2	19	0
124.8	107008991232	10450132992	790990848	0	0	19677839360	22386843648	107374182400	103079215104	87696343040	10450935808	9040662528	4011241472	788533248	0	0	0	0	0	0	0	0	0.0	0	0	0	2	20	0
125.8	109240676352	7097925632	6590464	0	0	13708283904	22386843648	107374182400	103079215104	93665898496	7879618560	5681156096	1461096448	4096	0	0	0	0	0	0	0	0	0.0	0	0	0	2	20	0
126.8	106684760064	9671565312	7593984	0	0	18864492544	22386843648	107374182400	103079215104	88509689856	10451030016	8251801600	4032368640	8192	0	0	0	0	0	0	0	0	0.0	0	0	0	2	20	0
127.8	106269081600	10862768128	1202085888	0	0	20098904064	22386843648	107374182400	103079215104	87275278336	10451038208	9453469696	4032368640	1199579136	0	0	0	0	0	0	0	0	0.0	0	0	0	2	20	0
128.8	105808842752	9665294336	4616192	0	0	18870317056	22386843648	107374182400	103079215104	88503865344	10451038208	8255995904	4032368640	4202496	0	0	0	0	0	0	0	0	0.0	0	0	0	2	21	0
129.9	109422878720	6799933440	3608576	0	0	13130784768	22386843648	107374182400	103079215104	94243397632	7590572032	5393653760	1150844928	8192	0	0	0	0	0	0	0	0	0.0	0	0	0	2	21	0
130.9	106415665152	9661280256	3956736	0	0	18865840128	22386843648	107374182400	103079215104	88508342272	10451136512	8252141568	4011241472	12288	0	0	0	0	0	0	0	0	0.0	0	0	0	2	21	0
131.9	105259581440	10412396544	753061888	0	0	19638996992	22386843648	107374182400	103079215104	87735185408	10451140608	9002921984	4011241472	748695552	0	0	0	0	0	0	0	0	0.0	0	0	0	2	21	0
132.9	104501608448	9661636608	3932160	0	0	19339714560	22386843648	107374182400	103079215104	88034467840	10923454464	8252141568	4011241472	8192	0	0	0	0	0	0	0	0	0.0	0	0	0	2	22	0
133.9	108817342464	6581121024	4939776	0	0	12695609344	22386843648	107374182400	103079215104	94678573056	7373000704	5176659968	954437632	8192	0	0	0	0	0	0	0	0	0.0	0	0	0	2	22	0
134.9	106428825600	9661292544	4841472	0	0	18865537024	22386843648	107374182400	103079215104	88508645376	10451243008	8251809792	4032368640	8192	0	0	0	0	0	0	0	0	0.0	0	0	0	2	22	0
136.0	105631199232	9661595648	5316608	0	0	19938484224	22386843648	107374182400	103079215104	87435698176	11524988928	8251809792	4032368640	8192	0	0	0	0	0	0	0	0	0.0	0	0	0	2	22	0
137.0	104697782272	9661603840	5328896	0	0	19746553856	22386843648	107374182400	103079215104	87627628544	11305926656	8251809792	4032368640	8192	0	0	0	0	0	0	0	0	0.0	0	0	0	2	23	0
138.0	109012815872	6278742016	5390336	0	0	12081827840	22386843648	107374182400	103079215104	95292354560	7068823552	4870475776	628920320	8192	0	0	0	0	0	0	0	0	0.0	0	0	0	2	23	0
139.0	106803253248	9662140416	5406720	0	0	18865868800	22386843648	107374182400	103079215104	88508313600	10451341312	8252149760	4011241472	8192	0	0	0	0	0	0	0	0	0.0	0	0	0	2	23	0
140.0	105460244480	9662943232	7225344	0	0	19346317312	22386843648	107374182400	103079215104	88027865088	10930470912	8252149760	4011241472	8192	0	0	0	0	0	0	0	0	0.0	0	0	0	2	23	0
141.1	105384886272	9662947328	7233536	0	0	18880823296	22386843648	107374182400	103079215104	88493359104	10464194560	8252149760	4011241472	8192	0	0	0	0	0	0	0	0	0.0	0	0	0	2	24	0
142.1	109308166144	6352306176	7258112	0	0	12232773632	22386843648	107374182400	103079215104	95141408768	7144706048	4945465344	725770240	8192	0	0	0	0	0	0	0	0	0.0	0	0	0	2	24	0
143.1	106869440512	9662730240	7282688	0	0	18865422336	22386843648	107374182400	103079215104	88508760064	10451447808	8251817984	4032368640	8192	0	0	0	0	0	0	0	0	0.0	0	0	0	2	24	0
144.1	105568686080	9662730240	7282688	0	0	19940999168	22386843648	107374182400	103079215104	87433183232	11525193728	8251817984	4032368640	8192	0	0	0	0	0	0	0	0	0.0	0	0	0	2	24	0
145.2	105246900224	9662730240	7413760	0	0	19452952576	22386843648	107374182400	103079215104	87921229824	11025162240	8251817984	4032368640	8192	0	0	0	0	0	0	0	0	0.0	0	0	0	2	25	0
146.2	109408595968	6247596032	7421952	0	0	12018630656	22386843648	107374182400	103079215104	95355551744	7037820928	4839292928	597725184	8192	0	0	0	0	0	0	0	0	0.0	0	0	0	2	25	0
147.2	106517901312	9663086592	7434240	0	0	18866167808	22386843648	107374182400	103079215104	88508014592	10451554304	8252157952	4011241472	8192	0	0	0	0	0	0	0	0	0.0	0	0	0	2	25	0
148.2	105799794688	9663086592	7413760	0	0	19415240704	22386843648	107374182400	103079215104	87958941696	10975076352	8252157952	4011241472	8192	0	0	0	0	0	0	0	0	0.0	0	0	0	2	25	0
149.3	105906974720	9663143936	7417856	0	0	19402555392	22386843648	107374182400	103079215104	87971627008	10985623552	8252157952	4011241472	8192	0	0	0	0	0	0	0	0	0.0	0	0	0	2	26	0
150.3	110180798464	6208659456	7553024	0	0	11970166784	22386843648	107374182400	103079215104	95404015616	7029002240	4798988288	579178496	8192	0	0	0	0	0	0	0	0	0.0	0	0	0	2	26	0
151.3	107212869632	9662820352	7561216	0	0	18865909760	22386843648	107374182400	103079215104	88508272640	10451664896	8251830272	4032368640	8192	0	0	0	0	0	0	0	0	0.0	0	0	0	2	26	0
152.3	106147004416	9662820352	7561216	0	0	19918766080	22386843648	107374182400	103079215104	87455416320	11501760512	8251830272	4032368640	8192	0	0	0	0	0	0	0	0	0.0	0	0	0	2	26	0
153.3	105504985088	9662820352	7499776	0	0	19652481024	22386843648	107374182400	103079215104	87721701376	11223584768	8251830272	4032368640	8192	0	0	0	0	0	0	0	0	0.0	0	0	0	2	27	0
154.4	109907079168	6284025856	7663616	0	0	12097585152	22386843648	107374182400	103079215104	95276597248	7074770944	4878192640	634388480	8192	0	0	0	0	0	0	0	0	0.0	0	0	0	2	27	0
155.4	107018014720	9663172608	7942144	0	0	18865483776	22386843648	107374182400	103079215104	88508698624	10451767296	8252170240	4011241472	8192	0	0	0	0	0	0	0	0	0.0	0	0	0	2	27	0
156.4	105930321920	9663172608	7925760	0	0	19736768512	22386843648	107374182400	103079215104	87637413888	11305127936	8252170240	4011241472	0	0	0	0	0	0	0	0	0	0.0	0	0	0	2	27	0
157.4	105237319680	9663176704	8069120	0	0	20075380736	22386843648	107374182400	103079215104	87298801664	11659739136	8252170240	4011241472	0	0	0	0	0	0	0	0	0	0.0	0	0	0	2	28	0
158.5	110307127296	6274990080	2494464	0	0	12073127936	22386843648	107374182400	103079215104	95301054464	7065370624	4866314240	646074368	8192	0	0	0	0	0	0	0	0	0.0	0	0	0	2	28	0
159.5	107365552128	9662984192	4296704	0	0	18865442816	22386843648	107374182400	103079215104	88508739584	10451869696	8251838464	4032368640	8192	0	0	0	0	0	0	0	0	0.0	0	0	0	2	28	0
160.5	106615648256	9662984192	5640192	0	0	19335667712	22386843648	107374182400	103079215104	88038514688	10897801216	8251838464	4032368640	8192	0	0	0	0	0	0	0	0	0.0	0	0	0	2	28	0
161.5	107060629504	9662980096	5484544	0	0	18883571712	22386843648	107374182400	103079215104	88490610688	10464792576	8251838464	4032368640	8192	0	0	0	0	0	0	0	0	0.0	0	0	0	2	29	0
162.6	111084343296	6301020160	5660672	0	0	12126593024	22386843648	107374182400	103079215104	95247589376	7091867648	4892684288	651255808	8192	0	0	0	0	0	0	0	0	0.0	0	0	0	2	29	0
163.6	107753869312	9663332352	5664768	0	0	18866663424	22386843648	107374182400	103079215104	88507518976	10451980288	8252178432	4011241472	8192	0	0	0	0	0	0	0	0	0.0	0	0	0	2	29	0
164.6	106607960064	9671716864	5795840	0	0	19531137024	22386843648	107374182400	103079215104	87843045376	11094605824	8252178432	4011241472	8192	0	0	0	0	0	0	0	0	0.0	0	0	0	2	29	0
165.6	105876307968	9671716864	5799936	0	0	20076466176	22386843648	107374182400	103079215104	87297716224	11659948032	8252178432	4011241472	8192	0	0	0	0	0	0	0	0	0.0	0	0	0	2	30	0
166.6	110824050688	6204747776	5750784	0	0	11957866496	22386843648	107374182400	103079215104	95416315904	7029415936	4786421760	566857728	8192	0	0	0	0	0	0	0	0	0.0	0	0	0	2	30	0
167.6	107677933568	9671503872	5730304	0	0	18866167808	22386843648	107374182400	103079215104	88508014592	10452082688	8251846656	4032368640	8192	0	0	0	0	0	0	0	0	0.0	0	0	0	2	30	0
168.7	105560879104	9671503872	3833856	266240	0	19941949440	22386843648	107374182400	103079215104	87432232960	11525828608	8251846656	4032368640	8192	0	0	0	0	0	0	0	0	0.0	0	0	0	2	30	0
169.7	105340706816	9671737344	3977216	0	0	19214073856	22386843648	107374182400	103079215104	88160108544	10787946496	8251846656	4032368640	12288	0	0	0	0	0	0	0	0	0.0	0	0	0	2	31	0
170.7	110496514048	6298058752	3989504	0	0	12106280960	22386843648	107374182400	103079215104	95267901440	7079981056	4882718720	639213568	12288	0	0	0	0	0	0	0	0	0.0	0	0	0	2	31	0
171.7	107623440384	9672085504	3993600	0	0	18867437568	22386843648	107374182400	103079215104	88506744832	10452180992	8252186624	4011241472	12288	0	0	0	0	0	0	0	0	0.0	0	0	0	2	31	0
172.8	106852339712	9672085504	4038656	0	0	19150225408	22386843648	107374182400	103079215104	88223956992	10716884992	8252186624	4011241472	12288	0	0	0	0	0	0	0	0	0.0	0	0	0	2	31	0
173.8	105812852736	9672089600	4030464	0	0	19682312192	22386843648	107374182400	103079215104	87691870208	11263741952	8252186624	4011241472	12288	0	0	0	0	0	0	0	0	0.0	0	0	0	2	32	0
174.8	110987747328	6279401472	4374528	0	0	12064464896	22386843648	107374182400	103079215104	95309717504	7060967424	4861280256	641196032	12288	0	0	0	0	0	0	0	0	0.0	0	0	0	2	32	0
175.8	107746754560	9671766016	4509696	0	0	18866569216	22386843648	107374182400	103079215104	88507613184	10452291584	8251854848	4032368640	12288	0	0	0	0	0	0	0	0	0.0	0	0	0	2	32	0
176.8	106683183104	9671770112	4644864	0	0	19533541376	22386843648	107374182400	103079215104	87840641024	11093082112	8251854848	4032368640	12288	0	0	0	0	0	0	0	0	0.0	0	0	0	2	32	0
177.9	106003193856	9671770112	4644864	0	0	19482275840	22386843648	107374182400	103079215104	87891906560	11063787520	8251854848	4032368640	12288	0	0	0	0	0	0	0	0	0.0	0	0	0	2	33	0
178.9	110446886912	6328791040	4669440	0	0	12163473408	22386843648	107374182400	103079215104	95210708992	7109414912	4910632960	668512256	12288	0	0	0	0	0	0	0	0	0.0	0	0	0	2	33	0
179.9	107403780096	9671794688	4706304	0	0	18867150848	22386843648	107374182400	103079215104	88507031552	10452393984	8252194816	4011241472	12288	0	0	0	0	0	0	0	0	0.0	0	0	0	2	33	0
180.9	106565308416	9672130560	4710400	0	0	19192467456	22386843648	107374182400	103079215104	88181714944	10772959232	8252194816	4011241472	12288	0	0	0	0	0	0	0	0	0.0	0	0	0	2	33	0
181.9	105866752000	9672126464	4706304	0	0	19437027328	22386843648	107374182400	103079215104	87937155072	11000430592	8252194816	4011241472	12288	0	0	0	0	0	0	0	0	0.0	0	0	0	2	34	0
183.0	109762113536	6365741056	4718592	0	0	12242980864	22386843648	107374182400	103079215104	95131201536	7149916160	4950081536	730009600	12288	0	0	0	0	0	0	0	0	0.0	0	0	0	2	34	0
184.0	107516383232	9671802880	4718592	0	0	18867118080	22386843648	107374182400	103079215104	88507064320	10452496384	8251863040	4032368640	12288	0	0	0	0	0	0	0	0	0.0	0	0	0	2	34	0
185.0	107046137856	9671802880	4718592	0	0	18872279040	22386843648	107374182400	103079215104	88501903360	10453946368	8251863040	4032368640	12288	0	0	0	0	0	0	0	0	0.0	0	0	0	2	34	0
186.0	106367213568	9680617472	6205440	0	0	18914902016	22386843648	107374182400	103079215104	88459280384	10501865472	8251863040	4032368640	12288	0	0	0	0	0	0	0	0	0.0	0	0	0	2	35	0
187.0	109684105216	6323675136	7065600	0	0	12137586688	22386843648	107374182400	103079215104	95236595712	7097364480	4898209792	656183296	12288	0	0	0	0	0	0	0	0	0.0	0	0	0	2	35	0
188.0	106741686272	9682501632	7196672	0	0	18867097600	22386843648	107374182400	103079215104	88507084800	10452598784	8252203008	4011241472	12288	0	0	0	0	0	0	0	0	0.0	0	0	0	2	35	0
189.1	105688719360	9672196096	6479872	0	0	19940184064	22386843648	107374182400	103079215104	87433998336	11526344704	8252203008	4011241472	8192	0	0	0	0	0	0	0	0	0.0	0	0	0	2	35	0
190.1	105659330560	9672437760	1044480	0	0	18869616640	22386843648	107374182400	103079215104	88504565760	10452606976	8252203008	4011241472	8192	0	0	0	0	0	0	0	0	0.0	0	0	0	2	36	0
191.1	109686640640	6271156224	2625536	0	0	12048011264	22386843648	107374182400	103079215104	95326171136	7052730368	4852752384	632635392	16384	0	0	0	0	0	0	0	0	0.0	0	0	0	2	36	0
192.1	105751339008	9672007680	2895872	0	0	18866335744	22386843648	107374182400	103079215104	88507846656	10452709376	8251871232	4032368640	16384	0	0	0	0	0	0	0	0	0.0	0	0	0	2	36	0
193.1	104840015872	9672335360	3772416	0	0	19247882240	22386843648	107374182400	103079215104	88126300160	10812915712	8251871232	4032368640	16384	0	0	0	0	0	0	0	0	0.0	0	0	0	2	36	0
194.2	104583036928	9672413184	5140480	0	0	19492478976	22386843648	107374182400	103079215104	87881703424	11066060800	8251871232	4032368640	16384	0	0	0	0	0	0	0	0	0.0	0	0	0	2	37	0
195.2	110337110016	6250061824	5152768	0	0	12000391168	22386843648	107374182400	103079215104	95373791232	7030153216	4829777920	588742656	16384	0	0	0	0	0	0	0	0	0.0	0	0	0	2	37	0
196.2	107057000448	9672761344	5730304	0	0	18867339264	22386843648	107374182400	103079215104	88506843136	10452815872	8252211200	4011241472	16384	0	0	0	0	0	0	0	0	0.0	0	0	0	2	37	0
197.3	106141708288	9672765440	5865472	0	0	19279933440	22386843648	107374182400	103079215104	88094248960	10852663296	8252211200	4011241472	16384	0	0	0	0	0	0	0	0	0.0	0	0	0	2	37	0
198.3	105704759296	9672765440	5865472	0	0	19729543168	22386843648	107374182400	103079215104	87644639232	11304013824	8252211200	4011241472	16384	0	0	0	0	0	0	0	0	0.0	0	0	0	2	38	0
199.3	110663204864	6287581184	5951488	0	0	12087222272	22386843648	107374182400	103079215104	95286960128	7071035392	4872085504	650653696	16384	0	0	0	0	0	0	0	0	0.0	0	0	0	2	38	0
200.3	107311988736	9672921088	4890624	0	0	18867527680	22386843648	107374182400	103079215104	88506654720	10452918272	8251879424	4032368640	8192	0	0	0	0	0	0	0	0	0.0	0	0	0	2	38	0
201.4	105432145920	9672921088	4890624	0	0	19943219200	22386843648	107374182400	103079215104	87430963200	11526664192	8251879424	4032368640	8192	0	0	0	0	0	0	0	0	0.0	0	0	0	2	38	0
202.4	105517785088	9672921088	4894720	0	0	19522424832	22386843648	107374182400	103079215104	87851757568	11105914880	8251879424	4032368640	8192	0	0	0	0	0	0	0	0	0.0	0	0	0	2	39	0
203.4	110013861888	6292484096	4907008	0	0	12092190720	22386843648	107374182400	103079215104	95281991680	7073005568	4874547200	631504896	8192	0	0	0	0	0	0	0	0	0.0	0	0	0	2	39	0
204.4	106923438080	9673314304	5300224	0	0	18867478528	22386843648	107374182400	103079215104	88506703872	10453020672	8252219392	4011241472	8192	0	0	0	0	0	0	0	0	0.0	0	0	0	2	39	0
205.4	105970049024	9673314304	5279744	0	0	19189751808	22386843648	107374182400	103079215104	88184430592	10762825728	8252219392	4011241472	8192	0	0	0	0	0	0	0	0	0.0	0	0	0	2	39	0
206.4	105824931840	9673314304	5439488	0	0	18880282624	22386843648	107374182400	103079215104	88493899776	10462920704	8252219392	4011241472	8192	0	0	0	0	0	0	0	0	0.0	0	0	0	2	40	0
207.5	109989425152	6351507456	5455872	0	0	12212494336	22386843648	107374182400	103079215104	95161688064	7133655040	4934483968	713019392	8192	0	0	0	0	0	0	0	0	0.0	0	0	0	2	40	0
208.5	107304099840	9672994816	5451776	0	0	18867871744	22386843648	107374182400	103079215104	88506310656	10453131264	8251887616	4032368640	8192	0	0	0	0	0	0	0	0	0.0	0	0	0	2	40	0
209.5	105747546112	9673347072	5554176	0	0	19163373568	22386843648	107374182400	103079215104	88210808832	10736046080	8251887616	4032368640	8192	0	0	0	0	0	0	0	0	0.0	0	0	0	2	40	0
210.5	105152454656	9673355264	5689344	0	0	19166117888	22386843648	107374182400	103079215104	88208064512	10749353984	8251887616	4032368640	8192	0	0	0	0	0	0	0	0	0.0	0	0	0	2	41	0
211.5	109454630912	6394028032	5701632	0	0	12294451200	22386843648	107374182400	103079215104	95079731200	7174336512	4975943680	732577792	8192	0	0	0	0	0	0	0	0	0.0	0	0	0	2	41	0
212.5	106834354176	9673388032	5701632	0	0	18868027392	22386843648	107374182400	103079215104	88506155008	10453233664	8252227584	4011241472	8192	0	0	0	0	0	0	0	0	0.0	0	0	0	2	41	0
213.6	106769035264	9673707520	5705728	0	0	18935398400	22386843648	107374182400	103079215104	88438784000	10520080384	8252227584	4011241472	8192	0	0	0	0	0	0	0	0	0.0	0	0	0	2	41	0
214.6	106633592832	9673707520	5836800	0	0	18875744256	22386843648	107374182400	103079215104	88498438144	10457751552	8252227584	4011241472	8192	0	0	0	0	0	0	0	0	0.0	0	0	0	2	42	0
215.6	110484443136	6343184384	6389760	0	0	12189859840	22386843648	107374182400	103079215104	95184322560	7124361216	4923674624	703545344	8192	0	0	0	0	0	0	0	0	0.0	0	0	0	2	42	0
216.6	107371524096	9673076736	6377472	0	0	18867568640	22386843648	107374182400	103079215104	88506613760	10453331968	8251895808	4032368640	8192	0	0	0	0	0	0	0	0	0.0	0	0	0	2	42	0
217.6	106535313408	9673388032	6512640	0	0	18891390976	22386843648	107374182400	103079215104	88482791424	10473922560	8251895808	4032368640	8192	0	0	0	0	0	0	0	0	0.0	0	0	0	2	42	0
218.6	105980203008	9673388032	6643712	0	0	18907787264	22386843648	107374182400	103079215104	88466395136	10489798656	8251895808	4032368640	8192	0	0	0	0	0	0	0	0	0.0	0	0	0	2	43	0
219.6	109866704896	6591528960	6758400	0	0	12343566336	22386843648	107374182400	103079215104	95030616064	7030779904	5170307072	930189312	8192	0	0	0	0	0	0	0	0	0.0	0	0	0	2	43	0
220.7	109414805504	2634194944	8765440	0	0	8413315072	22386843648	107374182400	103079215104	98960867328	7064363008	1213825024	481644544	2260992	0	0	0	0	0	0	0	0	0.0	0	0	0	2	43	0
